experiment,family,contrast,method,initialization,declared_coarse_interior_points,declared_fine_interior_points,cases,cases_with_two_feasible_finest_levels,unresolved_cases,median_signed_change_percent,median_absolute_change_percent,over_0p5_percent
baseline,competing_corridors,,euler_lagrange,arc_left,64,128,20,15,5,-0.009457165954507215,0.28234262934545695,6
baseline,competing_corridors,,euler_lagrange,arc_right,64,128,20,20,0,-0.0054241155806164535,0.0054241155806164535,0
baseline,competing_corridors,,euler_lagrange,barrier,64,128,20,0,20,,,0
baseline,competing_corridors,,euler_lagrange,fast_marching,64,128,20,20,0,-0.007543366154705088,0.007543366154705088,0
baseline,competing_corridors,,euler_lagrange,straight,64,128,20,0,20,,,0
baseline,competing_corridors,,slsqp,arc_left,64,128,20,0,20,,,0
baseline,competing_corridors,,slsqp,arc_right,64,128,20,0,20,,,0
baseline,competing_corridors,,slsqp,barrier,64,128,20,0,20,,,0
baseline,competing_corridors,,slsqp,fast_marching,64,128,20,0,20,,,0
baseline,competing_corridors,,slsqp,straight,64,128,20,0,20,,,0
baseline,correlated_roughness,,euler_lagrange,arc_left,64,128,20,10,10,-0.020838609239266156,0.09780187557180159,2
baseline,correlated_roughness,,euler_lagrange,arc_right,64,128,20,10,10,-0.014001518694466258,0.03456905532176355,2
baseline,correlated_roughness,,euler_lagrange,barrier,64,128,20,16,4,-0.011693995964242372,0.11447367554326977,4
baseline,correlated_roughness,,euler_lagrange,fast_marching,64,128,20,13,7,-0.007434651242919924,0.007434651242919924,0
baseline,correlated_roughness,,euler_lagrange,straight,64,128,20,14,6,-0.011693995964242372,0.015866343678416734,1
baseline,correlated_roughness,,slsqp,arc_left,64,128,20,0,20,,,0
baseline,correlated_roughness,,slsqp,arc_right,64,128,20,0,20,,,0
baseline,correlated_roughness,,slsqp,barrier,64,128,20,0,20,,,0
baseline,correlated_roughness,,slsqp,fast_marching,64,128,20,0,20,,,0
baseline,correlated_roughness,,slsqp,straight,64,128,20,0,20,,,0
baseline,dead_ends,,euler_lagrange,arc_left,64,128,20,0,20,,,0
baseline,dead_ends,,euler_lagrange,arc_right,64,128,20,0,20,,,0
baseline,dead_ends,,euler_lagrange,barrier,64,128,20,8,12,18.431992719862823,18.431992719862823,8
baseline,dead_ends,,euler_lagrange,fast_marching,64,128,20,20,0,-0.005530792502121565,0.005530792502121565,0
baseline,dead_ends,,euler_lagrange,straight,64,128,20,0,20,,,0
baseline,dead_ends,,slsqp,arc_left,64,128,20,0,20,,,0
baseline,dead_ends,,slsqp,arc_right,64,128,20,0,20,,,0
baseline,dead_ends,,slsqp,barrier,64,128,20,0,20,,,0
baseline,dead_ends,,slsqp,fast_marching,64,128,20,0,20,,,0
baseline,dead_ends,,slsqp,straight,64,128,20,0,20,,,0
baseline,ridge_pass,,euler_lagrange,arc_left,64,128,20,7,13,-0.0006888194740953609,0.0006888194740953609,0
baseline,ridge_pass,,euler_lagrange,arc_right,64,128,20,1,19,-0.0012097501369611892,0.0012097501369611892,0
baseline,ridge_pass,,euler_lagrange,barrier,64,128,20,18,2,-0.00030244365380967546,0.00030244365380967546,0
baseline,ridge_pass,,euler_lagrange,fast_marching,64,128,20,20,0,-0.00030244365380188145,0.00030244365380188145,0
baseline,ridge_pass,,euler_lagrange,straight,64,128,20,9,11,-0.00010549393982984421,0.00010549393982984421,0
baseline,ridge_pass,,slsqp,arc_left,64,128,20,0,20,,,0
baseline,ridge_pass,,slsqp,arc_right,64,128,20,0,20,,,0
baseline,ridge_pass,,slsqp,barrier,64,128,20,1,19,-1.6488781411549096e-06,1.6488781411549096e-06,0
baseline,ridge_pass,,slsqp,fast_marching,64,128,20,0,20,,,0
baseline,ridge_pass,,slsqp,straight,64,128,20,1,19,-1.6488781569568764e-06,1.6488781569568764e-06,0
contrast_sweep,competing_corridors,0.0,euler_lagrange,arc_left,64,128,1,0,1,,,0
contrast_sweep,competing_corridors,0.0,euler_lagrange,arc_right,64,128,1,0,1,,,0
contrast_sweep,competing_corridors,0.0,euler_lagrange,barrier,64,128,1,0,1,,,0
contrast_sweep,competing_corridors,0.0,euler_lagrange,fast_marching,64,128,1,0,1,,,0
contrast_sweep,competing_corridors,0.0,euler_lagrange,straight,64,128,1,0,1,,,0
contrast_sweep,competing_corridors,0.0,slsqp,arc_left,64,128,1,0,1,,,0
contrast_sweep,competing_corridors,0.0,slsqp,arc_right,64,128,1,0,1,,,0
contrast_sweep,competing_corridors,0.0,slsqp,barrier,64,128,1,0,1,,,0
contrast_sweep,competing_corridors,0.0,slsqp,fast_marching,64,128,1,0,1,,,0
contrast_sweep,competing_corridors,0.0,slsqp,straight,64,128,1,0,1,,,0
contrast_sweep,competing_corridors,1.0,euler_lagrange,arc_left,64,128,1,0,1,,,0
contrast_sweep,competing_corridors,1.0,euler_lagrange,arc_right,64,128,1,0,1,,,0
contrast_sweep,competing_corridors,1.0,euler_lagrange,barrier,64,128,1,0,1,,,0
contrast_sweep,competing_corridors,1.0,euler_lagrange,fast_marching,64,128,1,0,1,,,0
contrast_sweep,competing_corridors,1.0,euler_lagrange,straight,64,128,1,0,1,,,0
contrast_sweep,competing_corridors,1.0,slsqp,arc_left,64,128,1,0,1,,,0
contrast_sweep,competing_corridors,1.0,slsqp,arc_right,64,128,1,0,1,,,0
contrast_sweep,competing_corridors,1.0,slsqp,barrier,64,128,1,0,1,,,0
contrast_sweep,competing_corridors,1.0,slsqp,fast_marching,64,128,1,0,1,,,0
contrast_sweep,competing_corridors,1.0,slsqp,straight,64,128,1,0,1,,,0
contrast_sweep,competing_corridors,2.0,euler_lagrange,arc_left,64,128,1,0,1,,,0
contrast_sweep,competing_corridors,2.0,euler_lagrange,arc_right,64,128,1,0,1,,,0
contrast_sweep,competing_corridors,2.0,euler_lagrange,barrier,64,128,1,0,1,,,0
contrast_sweep,competing_corridors,2.0,euler_lagrange,fast_marching,64,128,1,0,1,,,0
contrast_sweep,competing_corridors,2.0,euler_lagrange,straight,64,128,1,0,1,,,0
contrast_sweep,competing_corridors,2.0,slsqp,arc_left,64,128,1,0,1,,,0
contrast_sweep,competing_corridors,2.0,slsqp,arc_right,64,128,1,0,1,,,0
contrast_sweep,competing_corridors,2.0,slsqp,barrier,64,128,1,0,1,,,0
contrast_sweep,competing_corridors,2.0,slsqp,fast_marching,64,128,1,0,1,,,0
contrast_sweep,competing_corridors,2.0,slsqp,straight,64,128,1,0,1,,,0
contrast_sweep,competing_corridors,4.0,euler_lagrange,arc_left,64,128,1,0,1,,,0
contrast_sweep,competing_corridors,4.0,euler_lagrange,arc_right,64,128,1,0,1,,,0
contrast_sweep,competing_corridors,4.0,euler_lagrange,barrier,64,128,1,0,1,,,0
contrast_sweep,competing_corridors,4.0,euler_lagrange,fast_marching,64,128,1,0,1,,,0
contrast_sweep,competing_corridors,4.0,euler_lagrange,straight,64,128,1,0,1,,,0
contrast_sweep,competing_corridors,4.0,slsqp,arc_left,64,128,1,0,1,,,0
contrast_sweep,competing_corridors,4.0,slsqp,arc_right,64,128,1,0,1,,,0
contrast_sweep,competing_corridors,4.0,slsqp,barrier,64,128,1,0,1,,,0
contrast_sweep,competing_corridors,4.0,slsqp,fast_marching,64,128,1,0,1,,,0
contrast_sweep,competing_corridors,4.0,slsqp,straight,64,128,1,0,1,,,0
contrast_sweep,correlated_roughness,0.0,euler_lagrange,arc_left,64,128,1,0,1,,,0
contrast_sweep,correlated_roughness,0.0,euler_lagrange,arc_right,64,128,1,0,1,,,0
contrast_sweep,correlated_roughness,0.0,euler_lagrange,barrier,64,128,1,0,1,,,0
contrast_sweep,correlated_roughness,0.0,euler_lagrange,fast_marching,64,128,1,0,1,,,0
contrast_sweep,correlated_roughness,0.0,euler_lagrange,straight,64,128,1,0,1,,,0
contrast_sweep,correlated_roughness,0.0,slsqp,arc_left,64,128,1,0,1,,,0
contrast_sweep,correlated_roughness,0.0,slsqp,arc_right,64,128,1,0,1,,,0
contrast_sweep,correlated_roughness,0.0,slsqp,barrier,64,128,1,0,1,,,0
contrast_sweep,correlated_roughness,0.0,slsqp,fast_marching,64,128,1,0,1,,,0
contrast_sweep,correlated_roughness,0.0,slsqp,straight,64,128,1,0,1,,,0
contrast_sweep,correlated_roughness,1.0,euler_lagrange,arc_left,64,128,1,0,1,,,0
contrast_sweep,correlated_roughness,1.0,euler_lagrange,arc_right,64,128,1,0,1,,,0
contrast_sweep,correlated_roughness,1.0,euler_lagrange,barrier,64,128,1,0,1,,,0
contrast_sweep,correlated_roughness,1.0,euler_lagrange,fast_marching,64,128,1,0,1,,,0
contrast_sweep,correlated_roughness,1.0,euler_lagrange,straight,64,128,1,0,1,,,0
contrast_sweep,correlated_roughness,1.0,slsqp,arc_left,64,128,1,0,1,,,0
contrast_sweep,correlated_roughness,1.0,slsqp,arc_right,64,128,1,0,1,,,0
contrast_sweep,correlated_roughness,1.0,slsqp,barrier,64,128,1,0,1,,,0
contrast_sweep,correlated_roughness,1.0,slsqp,fast_marching,64,128,1,0,1,,,0
contrast_sweep,correlated_roughness,1.0,slsqp,straight,64,128,1,0,1,,,0
contrast_sweep,correlated_roughness,2.0,euler_lagrange,arc_left,64,128,1,0,1,,,0
contrast_sweep,correlated_roughness,2.0,euler_lagrange,arc_right,64,128,1,0,1,,,0
contrast_sweep,correlated_roughness,2.0,euler_lagrange,barrier,64,128,1,0,1,,,0
contrast_sweep,correlated_roughness,2.0,euler_lagrange,fast_marching,64,128,1,0,1,,,0
contrast_sweep,correlated_roughness,2.0,euler_lagrange,straight,64,128,1,0,1,,,0
contrast_sweep,correlated_roughness,2.0,slsqp,arc_left,64,128,1,0,1,,,0
contrast_sweep,correlated_roughness,2.0,slsqp,arc_right,64,128,1,0,1,,,0
contrast_sweep,correlated_roughness,2.0,slsqp,barrier,64,128,1,0,1,,,0
contrast_sweep,correlated_roughness,2.0,slsqp,fast_marching,64,128,1,0,1,,,0
contrast_sweep,correlated_roughness,2.0,slsqp,straight,64,128,1,0,1,,,0
contrast_sweep,correlated_roughness,4.0,euler_lagrange,arc_left,64,128,1,0,1,,,0
contrast_sweep,correlated_roughness,4.0,euler_lagrange,arc_right,64,128,1,0,1,,,0
contrast_sweep,correlated_roughness,4.0,euler_lagrange,barrier,64,128,1,0,1,,,0
contrast_sweep,correlated_roughness,4.0,euler_lagrange,fast_marching,64,128,1,0,1,,,0
contrast_sweep,correlated_roughness,4.0,euler_lagrange,straight,64,128,1,0,1,,,0
contrast_sweep,correlated_roughness,4.0,slsqp,arc_left,64,128,1,0,1,,,0
contrast_sweep,correlated_roughness,4.0,slsqp,arc_right,64,128,1,0,1,,,0
contrast_sweep,correlated_roughness,4.0,slsqp,barrier,64,128,1,0,1,,,0
contrast_sweep,correlated_roughness,4.0,slsqp,fast_marching,64,128,1,0,1,,,0
contrast_sweep,correlated_roughness,4.0,slsqp,straight,64,128,1,0,1,,,0
contrast_sweep,dead_ends,0.0,euler_lagrange,arc_left,64,128,1,0,1,,,0
contrast_sweep,dead_ends,0.0,euler_lagrange,arc_right,64,128,1,0,1,,,0
contrast_sweep,dead_ends,0.0,euler_lagrange,barrier,64,128,1,0,1,,,0
contrast_sweep,dead_ends,0.0,euler_lagrange,fast_marching,64,128,1,0,1,,,0
contrast_sweep,dead_ends,0.0,euler_lagrange,straight,64,128,1,0,1,,,0
contrast_sweep,dead_ends,0.0,slsqp,arc_left,64,128,1,0,1,,,0
contrast_sweep,dead_ends,0.0,slsqp,arc_right,64,128,1,0,1,,,0
contrast_sweep,dead_ends,0.0,slsqp,barrier,64,128,1,0,1,,,0
contrast_sweep,dead_ends,0.0,slsqp,fast_marching,64,128,1,0,1,,,0
contrast_sweep,dead_ends,0.0,slsqp,straight,64,128,1,0,1,,,0
contrast_sweep,dead_ends,1.0,euler_lagrange,arc_left,64,128,1,0,1,,,0
contrast_sweep,dead_ends,1.0,euler_lagrange,arc_right,64,128,1,0,1,,,0
contrast_sweep,dead_ends,1.0,euler_lagrange,barrier,64,128,1,0,1,,,0
contrast_sweep,dead_ends,1.0,euler_lagrange,fast_marching,64,128,1,0,1,,,0
contrast_sweep,dead_ends,1.0,euler_lagrange,straight,64,128,1,0,1,,,0
contrast_sweep,dead_ends,1.0,slsqp,arc_left,64,128,1,0,1,,,0
contrast_sweep,dead_ends,1.0,slsqp,arc_right,64,128,1,0,1,,,0
contrast_sweep,dead_ends,1.0,slsqp,barrier,64,128,1,0,1,,,0
contrast_sweep,dead_ends,1.0,slsqp,fast_marching,64,128,1,0,1,,,0
contrast_sweep,dead_ends,1.0,slsqp,straight,64,128,1,0,1,,,0
contrast_sweep,dead_ends,2.0,euler_lagrange,arc_left,64,128,1,0,1,,,0
contrast_sweep,dead_ends,2.0,euler_lagrange,arc_right,64,128,1,0,1,,,0
contrast_sweep,dead_ends,2.0,euler_lagrange,barrier,64,128,1,0,1,,,0
contrast_sweep,dead_ends,2.0,euler_lagrange,fast_marching,64,128,1,0,1,,,0
contrast_sweep,dead_ends,2.0,euler_lagrange,straight,64,128,1,0,1,,,0
contrast_sweep,dead_ends,2.0,slsqp,arc_left,64,128,1,0,1,,,0
contrast_sweep,dead_ends,2.0,slsqp,arc_right,64,128,1,0,1,,,0
contrast_sweep,dead_ends,2.0,slsqp,barrier,64,128,1,0,1,,,0
contrast_sweep,dead_ends,2.0,slsqp,fast_marching,64,128,1,0,1,,,0
contrast_sweep,dead_ends,2.0,slsqp,straight,64,128,1,0,1,,,0
contrast_sweep,dead_ends,4.0,euler_lagrange,arc_left,64,128,1,0,1,,,0
contrast_sweep,dead_ends,4.0,euler_lagrange,arc_right,64,128,1,0,1,,,0
contrast_sweep,dead_ends,4.0,euler_lagrange,barrier,64,128,1,0,1,,,0
contrast_sweep,dead_ends,4.0,euler_lagrange,fast_marching,64,128,1,0,1,,,0
contrast_sweep,dead_ends,4.0,euler_lagrange,straight,64,128,1,0,1,,,0
contrast_sweep,dead_ends,4.0,slsqp,arc_left,64,128,1,0,1,,,0
contrast_sweep,dead_ends,4.0,slsqp,arc_right,64,128,1,0,1,,,0
contrast_sweep,dead_ends,4.0,slsqp,barrier,64,128,1,0,1,,,0
contrast_sweep,dead_ends,4.0,slsqp,fast_marching,64,128,1,0,1,,,0
contrast_sweep,dead_ends,4.0,slsqp,straight,64,128,1,0,1,,,0
contrast_sweep,ridge_pass,0.0,euler_lagrange,arc_left,64,128,1,0,1,,,0
contrast_sweep,ridge_pass,0.0,euler_lagrange,arc_right,64,128,1,0,1,,,0
contrast_sweep,ridge_pass,0.0,euler_lagrange,barrier,64,128,1,0,1,,,0
contrast_sweep,ridge_pass,0.0,euler_lagrange,fast_marching,64,128,1,0,1,,,0
contrast_sweep,ridge_pass,0.0,euler_lagrange,straight,64,128,1,0,1,,,0
contrast_sweep,ridge_pass,0.0,slsqp,arc_left,64,128,1,0,1,,,0
contrast_sweep,ridge_pass,0.0,slsqp,arc_right,64,128,1,0,1,,,0
contrast_sweep,ridge_pass,0.0,slsqp,barrier,64,128,1,0,1,,,0
contrast_sweep,ridge_pass,0.0,slsqp,fast_marching,64,128,1,0,1,,,0
contrast_sweep,ridge_pass,0.0,slsqp,straight,64,128,1,0,1,,,0
contrast_sweep,ridge_pass,1.0,euler_lagrange,arc_left,64,128,1,0,1,,,0
contrast_sweep,ridge_pass,1.0,euler_lagrange,arc_right,64,128,1,0,1,,,0
contrast_sweep,ridge_pass,1.0,euler_lagrange,barrier,64,128,1,0,1,,,0
contrast_sweep,ridge_pass,1.0,euler_lagrange,fast_marching,64,128,1,0,1,,,0
contrast_sweep,ridge_pass,1.0,euler_lagrange,straight,64,128,1,0,1,,,0
contrast_sweep,ridge_pass,1.0,slsqp,arc_left,64,128,1,0,1,,,0
contrast_sweep,ridge_pass,1.0,slsqp,arc_right,64,128,1,0,1,,,0
contrast_sweep,ridge_pass,1.0,slsqp,barrier,64,128,1,0,1,,,0
contrast_sweep,ridge_pass,1.0,slsqp,fast_marching,64,128,1,0,1,,,0
contrast_sweep,ridge_pass,1.0,slsqp,straight,64,128,1,0,1,,,0
contrast_sweep,ridge_pass,2.0,euler_lagrange,arc_left,64,128,1,0,1,,,0
contrast_sweep,ridge_pass,2.0,euler_lagrange,arc_right,64,128,1,0,1,,,0
contrast_sweep,ridge_pass,2.0,euler_lagrange,barrier,64,128,1,0,1,,,0
contrast_sweep,ridge_pass,2.0,euler_lagrange,fast_marching,64,128,1,0,1,,,0
contrast_sweep,ridge_pass,2.0,euler_lagrange,straight,64,128,1,0,1,,,0
contrast_sweep,ridge_pass,2.0,slsqp,arc_left,64,128,1,0,1,,,0
contrast_sweep,ridge_pass,2.0,slsqp,arc_right,64,128,1,0,1,,,0
contrast_sweep,ridge_pass,2.0,slsqp,barrier,64,128,1,0,1,,,0
contrast_sweep,ridge_pass,2.0,slsqp,fast_marching,64,128,1,0,1,,,0
contrast_sweep,ridge_pass,2.0,slsqp,straight,64,128,1,0,1,,,0
contrast_sweep,ridge_pass,4.0,euler_lagrange,arc_left,64,128,1,0,1,,,0
contrast_sweep,ridge_pass,4.0,euler_lagrange,arc_right,64,128,1,0,1,,,0
contrast_sweep,ridge_pass,4.0,euler_lagrange,barrier,64,128,1,0,1,,,0
contrast_sweep,ridge_pass,4.0,euler_lagrange,fast_marching,64,128,1,0,1,,,0
contrast_sweep,ridge_pass,4.0,euler_lagrange,straight,64,128,1,0,1,,,0
contrast_sweep,ridge_pass,4.0,slsqp,arc_left,64,128,1,0,1,,,0
contrast_sweep,ridge_pass,4.0,slsqp,arc_right,64,128,1,0,1,,,0
contrast_sweep,ridge_pass,4.0,slsqp,barrier,64,128,1,0,1,,,0
contrast_sweep,ridge_pass,4.0,slsqp,fast_marching,64,128,1,0,1,,,0
contrast_sweep,ridge_pass,4.0,slsqp,straight,64,128,1,0,1,,,0
