case_id,initialization,interior_points,seed_hash_match,euler_feasible,slsqp_feasible,slsqp_minus_euler_percent
competing_corridors-s00,arc_left,32,True,True,True,-0.004980013555816758
competing_corridors-s00,arc_left,64,True,True,True,-0.0008387824751878777
competing_corridors-s00,arc_left,128,False,True,False,
competing_corridors-s00,arc_right,32,True,True,True,0.0013134734506668638
competing_corridors-s00,arc_right,64,True,True,True,0.000368952565119635
competing_corridors-s00,arc_right,128,False,True,False,
competing_corridors-s00,barrier,32,True,False,True,
competing_corridors-s00,barrier,64,True,False,True,
competing_corridors-s00,barrier,128,False,False,False,
competing_corridors-s00,fast_marching,32,True,True,True,-0.004980029280251933
competing_corridors-s00,fast_marching,64,True,True,True,-0.0008387727786919288
competing_corridors-s00,fast_marching,128,False,True,False,
competing_corridors-s00,straight,32,True,False,False,
competing_corridors-s00,straight,64,False,False,False,
competing_corridors-s00,straight,128,False,False,False,
competing_corridors-s01,arc_left,32,True,True,True,-22.259326051609538
competing_corridors-s01,arc_left,64,True,True,True,-20.551443746449152
competing_corridors-s01,arc_left,128,False,True,False,
competing_corridors-s01,arc_right,32,True,True,True,0.005456638804925483
competing_corridors-s01,arc_right,64,True,True,True,0.0014479730722861204
competing_corridors-s01,arc_right,128,False,True,False,
competing_corridors-s01,barrier,32,True,False,True,
competing_corridors-s01,barrier,64,True,True,True,-37.55246779117562
competing_corridors-s01,barrier,128,False,False,False,
competing_corridors-s01,fast_marching,32,True,True,True,0.005456606617693366
competing_corridors-s01,fast_marching,64,True,True,True,0.001447968748939534
competing_corridors-s01,fast_marching,128,False,True,False,
competing_corridors-s01,straight,32,True,False,True,
competing_corridors-s01,straight,64,True,False,False,
competing_corridors-s01,straight,128,False,False,False,
competing_corridors-s02,arc_left,32,True,True,True,-23.259650091646193
competing_corridors-s02,arc_left,64,True,True,True,-23.178722484637913
competing_corridors-s02,arc_left,128,False,True,False,
competing_corridors-s02,arc_right,32,True,True,True,-0.002429694517242754
competing_corridors-s02,arc_right,64,True,True,True,-0.00045299100891521874
competing_corridors-s02,arc_right,128,False,True,False,
competing_corridors-s02,barrier,32,True,False,True,
competing_corridors-s02,barrier,64,True,False,True,
competing_corridors-s02,barrier,128,False,False,False,
competing_corridors-s02,fast_marching,32,True,True,True,-0.017403662989883193
competing_corridors-s02,fast_marching,64,True,True,True,-0.002684386452754018
competing_corridors-s02,fast_marching,128,False,True,False,
competing_corridors-s02,straight,32,True,False,False,
competing_corridors-s02,straight,64,False,False,False,
competing_corridors-s02,straight,128,False,False,False,
competing_corridors-s03,arc_left,32,True,True,True,-13.344454345710544
competing_corridors-s03,arc_left,64,True,True,True,-14.174564303541596
competing_corridors-s03,arc_left,128,False,True,False,
competing_corridors-s03,arc_right,32,True,True,True,0.00116030828323146
competing_corridors-s03,arc_right,64,True,True,True,0.0005742412480186204
competing_corridors-s03,arc_right,128,False,True,False,
competing_corridors-s03,barrier,32,True,True,True,-7.0904100894248066
competing_corridors-s03,barrier,64,True,True,True,-19.421655065858907
competing_corridors-s03,barrier,128,False,False,False,
competing_corridors-s03,fast_marching,32,True,True,True,0.004272536788969612
competing_corridors-s03,fast_marching,64,True,True,True,0.0013576833242123706
competing_corridors-s03,fast_marching,128,False,True,False,
competing_corridors-s03,straight,32,True,False,True,
competing_corridors-s03,straight,64,False,False,False,
competing_corridors-s03,straight,128,False,False,False,
competing_corridors-s04,arc_left,32,True,False,True,
competing_corridors-s04,arc_left,64,True,False,True,
competing_corridors-s04,arc_left,128,False,True,False,
competing_corridors-s04,arc_right,32,True,True,True,0.002398480569533577
competing_corridors-s04,arc_right,64,True,True,True,0.0006807107452634627
competing_corridors-s04,arc_right,128,False,True,False,
competing_corridors-s04,barrier,32,True,False,True,
competing_corridors-s04,barrier,64,True,False,True,
competing_corridors-s04,barrier,128,False,False,False,
competing_corridors-s04,fast_marching,32,True,True,True,0.002398470376988725
competing_corridors-s04,fast_marching,64,True,True,True,0.0006807035900574682
competing_corridors-s04,fast_marching,128,False,True,False,
competing_corridors-s04,straight,32,True,False,True,
competing_corridors-s04,straight,64,False,False,False,
competing_corridors-s04,straight,128,False,False,False,
competing_corridors-s05,arc_left,32,True,True,True,-43.18646051498672
competing_corridors-s05,arc_left,64,True,False,True,
competing_corridors-s05,arc_left,128,False,False,False,
competing_corridors-s05,arc_right,32,True,True,True,0.004523356035480517
competing_corridors-s05,arc_right,64,True,True,True,0.0012731603951453517
competing_corridors-s05,arc_right,128,False,True,False,
competing_corridors-s05,barrier,32,True,False,True,
competing_corridors-s05,barrier,64,True,False,True,
competing_corridors-s05,barrier,128,False,False,False,
competing_corridors-s05,fast_marching,32,True,True,True,0.004523348735516632
competing_corridors-s05,fast_marching,64,True,True,True,0.0012731578737388751
competing_corridors-s05,fast_marching,128,False,True,False,
competing_corridors-s05,straight,32,True,False,True,
competing_corridors-s05,straight,64,True,False,False,
competing_corridors-s05,straight,128,True,False,False,
competing_corridors-s06,arc_left,32,True,True,True,-0.003215979812784166
competing_corridors-s06,arc_left,64,True,True,True,-0.0004293143376672655
competing_corridors-s06,arc_left,128,False,True,False,
competing_corridors-s06,arc_right,32,True,True,True,0.0017581420472596988
competing_corridors-s06,arc_right,64,True,True,True,0.00047627371451004384
competing_corridors-s06,arc_right,128,False,True,False,
competing_corridors-s06,barrier,32,True,True,True,-22.26895073941048
competing_corridors-s06,barrier,64,True,False,True,
competing_corridors-s06,barrier,128,False,False,False,
competing_corridors-s06,fast_marching,32,True,True,True,-0.003215990520516119
competing_corridors-s06,fast_marching,64,True,True,True,-0.00042928136576393026
competing_corridors-s06,fast_marching,128,False,True,False,
competing_corridors-s06,straight,32,True,False,True,
competing_corridors-s06,straight,64,False,False,False,
competing_corridors-s06,straight,128,False,False,False,
competing_corridors-s07,arc_left,32,True,True,True,-23.140776785357907
competing_corridors-s07,arc_left,64,True,True,True,-17.326494749850838
competing_corridors-s07,arc_left,128,False,True,False,
competing_corridors-s07,arc_right,32,True,True,True,0.005188529145382943
competing_corridors-s07,arc_right,64,True,True,True,0.0013777883862431018
competing_corridors-s07,arc_right,128,False,True,False,
competing_corridors-s07,barrier,32,True,False,True,
competing_corridors-s07,barrier,64,True,False,True,
competing_corridors-s07,barrier,128,False,False,False,
competing_corridors-s07,fast_marching,32,True,True,True,0.005188515783025801
competing_corridors-s07,fast_marching,64,True,True,True,0.0013777775508843832
competing_corridors-s07,fast_marching,128,False,True,False,
competing_corridors-s07,straight,32,True,False,True,
competing_corridors-s07,straight,64,False,False,False,
competing_corridors-s07,straight,128,False,False,False,
competing_corridors-s08,arc_left,32,True,True,True,-25.754641550714936
competing_corridors-s08,arc_left,64,True,True,True,-24.836578619772915
competing_corridors-s08,arc_left,128,False,True,False,
competing_corridors-s08,arc_right,32,True,True,True,0.006429798655841192
competing_corridors-s08,arc_right,64,True,True,True,0.001753930320079489
competing_corridors-s08,arc_right,128,False,True,False,
competing_corridors-s08,barrier,32,True,False,True,
competing_corridors-s08,barrier,64,True,False,True,
competing_corridors-s08,barrier,128,False,False,False,
competing_corridors-s08,fast_marching,32,True,True,True,0.006429800298466386
competing_corridors-s08,fast_marching,64,True,True,True,0.001753933899065738
competing_corridors-s08,fast_marching,128,False,True,False,
competing_corridors-s08,straight,32,True,False,True,
competing_corridors-s08,straight,64,False,False,False,
competing_corridors-s08,straight,128,False,False,False,
competing_corridors-s09,arc_left,32,True,True,True,-25.105005413133735
competing_corridors-s09,arc_left,64,True,True,True,-24.979234935727387
competing_corridors-s09,arc_left,128,False,True,False,
competing_corridors-s09,arc_right,32,True,True,True,0.0013776614621636297
competing_corridors-s09,arc_right,64,True,True,True,0.0003928789910852379
competing_corridors-s09,arc_right,128,False,True,False,
competing_corridors-s09,barrier,32,True,False,True,
competing_corridors-s09,barrier,64,True,False,True,
competing_corridors-s09,barrier,128,False,False,False,
competing_corridors-s09,fast_marching,32,True,True,True,0.001377673682385422
competing_corridors-s09,fast_marching,64,True,True,True,0.00039289286241924457
competing_corridors-s09,fast_marching,128,False,True,False,
competing_corridors-s09,straight,32,True,False,True,
competing_corridors-s09,straight,64,False,False,False,
competing_corridors-s09,straight,128,False,False,False,
competing_corridors-s10,arc_left,32,True,False,True,
competing_corridors-s10,arc_left,64,True,False,True,
competing_corridors-s10,arc_left,128,False,True,False,
competing_corridors-s10,arc_right,32,True,True,True,-0.0004164370975026121
competing_corridors-s10,arc_right,64,True,True,True,-2.1316925340235565e-05
competing_corridors-s10,arc_right,128,False,True,False,
competing_corridors-s10,barrier,32,True,False,True,
competing_corridors-s10,barrier,64,True,False,True,
competing_corridors-s10,barrier,128,False,False,False,
competing_corridors-s10,fast_marching,32,True,True,True,-0.0004164398993763622
competing_corridors-s10,fast_marching,64,True,True,True,-2.13237268010701e-05
competing_corridors-s10,fast_marching,128,False,True,False,
competing_corridors-s10,straight,32,True,False,False,
competing_corridors-s10,straight,64,True,False,False,
competing_corridors-s10,straight,128,False,False,False,
competing_corridors-s11,arc_left,32,True,True,True,-22.531308052434312
competing_corridors-s11,arc_left,64,True,True,True,-22.673791482691907
competing_corridors-s11,arc_left,128,False,True,False,
competing_corridors-s11,arc_right,32,True,True,True,0.00048118133966326454
competing_corridors-s11,arc_right,64,True,True,True,0.00025759887958528855
competing_corridors-s11,arc_right,128,False,True,False,
competing_corridors-s11,barrier,32,True,False,True,
competing_corridors-s11,barrier,64,True,False,True,
competing_corridors-s11,barrier,128,False,False,False,
competing_corridors-s11,fast_marching,32,True,True,True,-0.011230508296498895
competing_corridors-s11,fast_marching,64,True,True,True,-0.0012908445056815242
competing_corridors-s11,fast_marching,128,False,True,False,
competing_corridors-s11,straight,32,True,False,True,
competing_corridors-s11,straight,64,False,False,False,
competing_corridors-s11,straight,128,False,False,False,
competing_corridors-s12,arc_left,32,True,True,True,0.001229279083658326
competing_corridors-s12,arc_left,64,True,True,True,0.000860750335388909
competing_corridors-s12,arc_left,128,False,True,False,
competing_corridors-s12,arc_right,32,True,True,True,0.004196028179447615
competing_corridors-s12,arc_right,64,True,True,True,0.0010948950594226326
competing_corridors-s12,arc_right,128,False,True,False,
competing_corridors-s12,barrier,32,True,False,True,
competing_corridors-s12,barrier,64,True,False,True,
competing_corridors-s12,barrier,128,False,False,False,
competing_corridors-s12,fast_marching,32,True,True,True,0.001229276306856509
competing_corridors-s12,fast_marching,64,True,True,True,0.0008607501150992244
competing_corridors-s12,fast_marching,128,False,True,False,
competing_corridors-s12,straight,32,True,False,True,
competing_corridors-s12,straight,64,True,False,False,
competing_corridors-s12,straight,128,False,False,False,
competing_corridors-s13,arc_left,32,True,False,True,
competing_corridors-s13,arc_left,64,True,True,True,-28.704728512109465
competing_corridors-s13,arc_left,128,False,True,False,
competing_corridors-s13,arc_right,32,True,True,True,0.004947612753085813
competing_corridors-s13,arc_right,64,True,True,True,0.001317460172611732
competing_corridors-s13,arc_right,128,False,True,False,
competing_corridors-s13,barrier,32,True,False,True,
competing_corridors-s13,barrier,64,True,False,True,
competing_corridors-s13,barrier,128,False,False,False,
competing_corridors-s13,fast_marching,32,True,True,True,0.004947607767012859
competing_corridors-s13,fast_marching,64,True,True,True,0.0013174613532039095
competing_corridors-s13,fast_marching,128,False,True,False,
competing_corridors-s13,straight,32,True,False,True,
competing_corridors-s13,straight,64,True,False,False,
competing_corridors-s13,straight,128,False,False,False,
competing_corridors-s14,arc_left,32,True,False,True,
competing_corridors-s14,arc_left,64,True,False,True,
competing_corridors-s14,arc_left,128,False,True,False,
competing_corridors-s14,arc_right,32,True,True,True,-0.0015341293106279797
competing_corridors-s14,arc_right,64,True,True,True,-0.0002212156206019876
competing_corridors-s14,arc_right,128,False,True,False,
competing_corridors-s14,barrier,32,True,False,True,
competing_corridors-s14,barrier,64,True,False,True,
competing_corridors-s14,barrier,128,False,False,False,
competing_corridors-s14,fast_marching,32,True,True,True,-0.0015341130597833394
competing_corridors-s14,fast_marching,64,True,True,True,-0.0002212224762583361
competing_corridors-s14,fast_marching,128,False,True,False,
competing_corridors-s14,straight,32,True,False,True,
competing_corridors-s14,straight,64,True,False,False,
competing_corridors-s14,straight,128,False,False,False,
competing_corridors-s15,arc_left,32,True,True,True,-15.415282069119149
competing_corridors-s15,arc_left,64,True,True,True,-21.533308478357366
competing_corridors-s15,arc_left,128,False,True,False,
competing_corridors-s15,arc_right,32,True,True,True,0.0038296518821881232
competing_corridors-s15,arc_right,64,True,True,True,0.0010077167591687956
competing_corridors-s15,arc_right,128,False,True,False,
competing_corridors-s15,barrier,32,True,False,True,
competing_corridors-s15,barrier,64,True,False,True,
competing_corridors-s15,barrier,128,False,False,False,
competing_corridors-s15,fast_marching,32,True,True,True,0.0038296262994051366
competing_corridors-s15,fast_marching,64,True,True,True,0.0010077245567956645
competing_corridors-s15,fast_marching,128,False,True,False,
competing_corridors-s15,straight,32,True,False,True,
competing_corridors-s15,straight,64,False,False,False,
competing_corridors-s15,straight,128,False,False,False,
competing_corridors-s16,arc_left,32,True,True,True,-24.516816072340987
competing_corridors-s16,arc_left,64,True,True,True,-28.41297615813756
competing_corridors-s16,arc_left,128,False,True,False,
competing_corridors-s16,arc_right,32,True,True,True,0.0016782150566761252
competing_corridors-s16,arc_right,64,True,True,True,0.0005040367868396764
competing_corridors-s16,arc_right,128,False,True,False,
competing_corridors-s16,barrier,32,True,True,True,-27.31329075527996
competing_corridors-s16,barrier,64,True,False,True,
competing_corridors-s16,barrier,128,False,False,False,
competing_corridors-s16,fast_marching,32,True,True,True,-0.012489040323470302
competing_corridors-s16,fast_marching,64,True,True,True,-0.002130202291082373
competing_corridors-s16,fast_marching,128,False,True,False,
competing_corridors-s16,straight,32,True,False,True,
competing_corridors-s16,straight,64,True,False,False,
competing_corridors-s16,straight,128,False,False,False,
competing_corridors-s17,arc_left,32,True,True,True,-44.35041566951823
competing_corridors-s17,arc_left,64,True,True,True,-44.35269744982302
competing_corridors-s17,arc_left,128,False,False,False,
competing_corridors-s17,arc_right,32,True,True,True,-0.004532225422614525
competing_corridors-s17,arc_right,64,True,True,True,-0.0009571230858588232
competing_corridors-s17,arc_right,128,False,True,False,
competing_corridors-s17,barrier,32,True,False,True,
competing_corridors-s17,barrier,64,True,True,True,-43.597438135261434
competing_corridors-s17,barrier,128,False,False,False,
competing_corridors-s17,fast_marching,32,True,True,True,-0.04629912730295194
competing_corridors-s17,fast_marching,64,True,True,True,-0.008663659971201864
competing_corridors-s17,fast_marching,128,False,True,False,
competing_corridors-s17,straight,32,True,False,True,
competing_corridors-s17,straight,64,False,False,False,
competing_corridors-s17,straight,128,False,False,False,
competing_corridors-s18,arc_left,32,True,True,True,-0.0009454348273026118
competing_corridors-s18,arc_left,64,True,True,True,0.0002614002922929519
competing_corridors-s18,arc_left,128,False,True,False,
competing_corridors-s18,arc_right,32,True,True,True,0.003512532904947449
competing_corridors-s18,arc_right,64,True,True,True,0.0009250706769214902
competing_corridors-s18,arc_right,128,False,True,False,
competing_corridors-s18,barrier,32,True,False,True,
competing_corridors-s18,barrier,64,True,False,True,
competing_corridors-s18,barrier,128,False,False,False,
competing_corridors-s18,fast_marching,32,True,True,True,-0.0009454354103671118
competing_corridors-s18,fast_marching,64,True,True,True,0.0002613971345707721
competing_corridors-s18,fast_marching,128,False,True,False,
competing_corridors-s18,straight,32,True,False,True,
competing_corridors-s18,straight,64,False,False,False,
competing_corridors-s18,straight,128,True,False,False,
competing_corridors-s19,arc_left,32,True,True,True,-18.815983654920963
competing_corridors-s19,arc_left,64,True,True,True,-15.767380240865005
competing_corridors-s19,arc_left,128,False,True,False,
competing_corridors-s19,arc_right,32,True,True,True,0.005302887284260515
competing_corridors-s19,arc_right,64,True,True,True,0.0014154665853779566
competing_corridors-s19,arc_right,128,False,True,False,
competing_corridors-s19,barrier,32,True,False,True,
competing_corridors-s19,barrier,64,True,False,True,
competing_corridors-s19,barrier,128,False,True,False,
competing_corridors-s19,fast_marching,32,True,True,True,0.005302875533888079
competing_corridors-s19,fast_marching,64,True,True,True,0.0014154607757462113
competing_corridors-s19,fast_marching,128,False,True,False,
competing_corridors-s19,straight,32,True,False,True,
competing_corridors-s19,straight,64,False,False,False,
competing_corridors-s19,straight,128,False,False,False,
contrast-competing_corridors-s00-c0p0,arc_left,64,True,False,True,
contrast-competing_corridors-s00-c0p0,arc_right,64,True,False,True,
contrast-competing_corridors-s00-c0p0,barrier,64,True,False,True,
contrast-competing_corridors-s00-c0p0,fast_marching,64,False,False,False,
contrast-competing_corridors-s00-c0p0,straight,64,False,False,False,
contrast-competing_corridors-s00-c1p0,arc_left,64,True,True,True,-0.0008387824751878777
contrast-competing_corridors-s00-c1p0,arc_right,64,True,True,True,0.000368952565119635
contrast-competing_corridors-s00-c1p0,barrier,64,True,False,True,
contrast-competing_corridors-s00-c1p0,fast_marching,64,True,True,True,-0.0008387727786919288
contrast-competing_corridors-s00-c1p0,straight,64,False,False,False,
contrast-competing_corridors-s00-c2p0,arc_left,64,True,True,True,-32.71232810814255
contrast-competing_corridors-s00-c2p0,arc_right,64,True,True,True,-0.001971987903518998
contrast-competing_corridors-s00-c2p0,barrier,64,True,True,True,-55.79908729736554
contrast-competing_corridors-s00-c2p0,fast_marching,64,True,True,True,-0.020036534982941927
contrast-competing_corridors-s00-c2p0,straight,64,False,False,False,
contrast-competing_corridors-s00-c4p0,arc_left,64,True,True,True,-57.547651554924315
contrast-competing_corridors-s00-c4p0,arc_right,64,True,True,True,-0.05925822896464719
contrast-competing_corridors-s00-c4p0,barrier,64,True,True,True,-73.00401559877503
contrast-competing_corridors-s00-c4p0,fast_marching,64,True,True,True,-0.05925823502192988
contrast-competing_corridors-s00-c4p0,straight,64,False,False,False,
contrast-correlated_roughness-s00-c0p0,arc_left,64,True,True,True,6.601186195981675
contrast-correlated_roughness-s00-c0p0,arc_right,64,True,True,True,1.20472520848125e-08
contrast-correlated_roughness-s00-c0p0,barrier,64,True,True,True,0.0
contrast-correlated_roughness-s00-c0p0,fast_marching,64,True,True,True,9.696849384061519e-08
contrast-correlated_roughness-s00-c0p0,straight,64,True,True,True,0.0
contrast-correlated_roughness-s00-c1p0,arc_left,64,True,False,True,
contrast-correlated_roughness-s00-c1p0,arc_right,64,True,True,True,-16.456889062146136
contrast-correlated_roughness-s00-c1p0,barrier,64,True,True,True,-4.648399132683215
contrast-correlated_roughness-s00-c1p0,fast_marching,64,True,True,True,0.0005116794250591159
contrast-correlated_roughness-s00-c1p0,straight,64,True,True,True,-4.648399139165887
contrast-correlated_roughness-s00-c2p0,arc_left,64,True,True,True,-25.14203081130866
contrast-correlated_roughness-s00-c2p0,arc_right,64,True,True,True,-22.785788998614713
contrast-correlated_roughness-s00-c2p0,barrier,64,True,True,True,-11.566067650473562
contrast-correlated_roughness-s00-c2p0,fast_marching,64,True,True,True,-0.0003921853621032834
contrast-correlated_roughness-s00-c2p0,straight,64,True,True,True,-11.566067664150175
contrast-correlated_roughness-s00-c4p0,arc_left,64,True,True,True,-65.11587908743434
contrast-correlated_roughness-s00-c4p0,arc_right,64,True,False,True,
contrast-correlated_roughness-s00-c4p0,barrier,64,True,True,True,-43.72407234214798
contrast-correlated_roughness-s00-c4p0,fast_marching,64,True,True,True,-0.11072962961488816
contrast-correlated_roughness-s00-c4p0,straight,64,True,True,True,-43.72407237408477
contrast-dead_ends-s00-c0p0,arc_left,64,False,False,False,
contrast-dead_ends-s00-c0p0,arc_right,64,False,False,False,
contrast-dead_ends-s00-c0p0,barrier,64,True,False,True,
contrast-dead_ends-s00-c0p0,fast_marching,64,False,False,False,
contrast-dead_ends-s00-c0p0,straight,64,False,False,False,
contrast-dead_ends-s00-c1p0,arc_left,64,True,False,False,
contrast-dead_ends-s00-c1p0,arc_right,64,False,False,False,
contrast-dead_ends-s00-c1p0,barrier,64,True,False,True,
contrast-dead_ends-s00-c1p0,fast_marching,64,True,True,True,0.0006052103043565004
contrast-dead_ends-s00-c1p0,straight,64,False,False,False,
contrast-dead_ends-s00-c2p0,arc_left,64,True,False,False,
contrast-dead_ends-s00-c2p0,arc_right,64,True,False,False,
contrast-dead_ends-s00-c2p0,barrier,64,True,True,True,-80.32699403092927
contrast-dead_ends-s00-c2p0,fast_marching,64,True,True,True,0.0005834133930984055
contrast-dead_ends-s00-c2p0,straight,64,False,False,False,
contrast-dead_ends-s00-c4p0,arc_left,64,True,False,False,
contrast-dead_ends-s00-c4p0,arc_right,64,True,False,False,
contrast-dead_ends-s00-c4p0,barrier,64,True,True,True,-51.44299182512256
contrast-dead_ends-s00-c4p0,fast_marching,64,True,True,True,0.0005761424243783075
contrast-dead_ends-s00-c4p0,straight,64,False,False,False,
contrast-ridge_pass-s00-c0p0,arc_left,64,False,True,False,
contrast-ridge_pass-s00-c0p0,arc_right,64,False,True,False,
contrast-ridge_pass-s00-c0p0,barrier,64,True,True,True,0.0
contrast-ridge_pass-s00-c0p0,fast_marching,64,True,True,True,1.2519294691835308e-08
contrast-ridge_pass-s00-c0p0,straight,64,True,True,True,0.0
contrast-ridge_pass-s00-c1p0,arc_left,64,True,False,False,
contrast-ridge_pass-s00-c1p0,arc_right,64,True,False,True,
contrast-ridge_pass-s00-c1p0,barrier,64,True,True,True,4.3530050420688856e-05
contrast-ridge_pass-s00-c1p0,fast_marching,64,True,True,True,4.3499682253377625e-05
contrast-ridge_pass-s00-c1p0,straight,64,True,True,True,4.349967860940271e-05
contrast-ridge_pass-s00-c2p0,arc_left,64,True,False,False,
contrast-ridge_pass-s00-c2p0,arc_right,64,True,False,True,
contrast-ridge_pass-s00-c2p0,barrier,64,True,False,True,
contrast-ridge_pass-s00-c2p0,fast_marching,64,True,True,True,8.568564808731005e-05
contrast-ridge_pass-s00-c2p0,straight,64,True,False,True,
contrast-ridge_pass-s00-c4p0,arc_left,64,True,False,False,
contrast-ridge_pass-s00-c4p0,arc_right,64,True,False,True,
contrast-ridge_pass-s00-c4p0,barrier,64,True,False,True,
contrast-ridge_pass-s00-c4p0,fast_marching,64,True,True,True,0.00013004859854058462
contrast-ridge_pass-s00-c4p0,straight,64,True,False,True,
correlated_roughness-s00,arc_left,32,True,False,True,
correlated_roughness-s00,arc_left,64,True,False,True,
correlated_roughness-s00,arc_left,128,False,False,False,
correlated_roughness-s00,arc_right,32,True,True,True,-16.46734879174699
correlated_roughness-s00,arc_right,64,True,True,True,-16.456889062146136
correlated_roughness-s00,arc_right,128,False,True,False,
correlated_roughness-s00,barrier,32,True,True,True,-4.651195918334712
correlated_roughness-s00,barrier,64,True,True,True,-4.648399132683215
correlated_roughness-s00,barrier,128,False,True,False,
correlated_roughness-s00,fast_marching,32,True,True,True,0.0016417355315287614
correlated_roughness-s00,fast_marching,64,True,True,True,0.0005116794250591159
correlated_roughness-s00,fast_marching,128,False,True,False,
correlated_roughness-s00,straight,32,True,True,True,-4.651195923824597
correlated_roughness-s00,straight,64,True,True,True,-4.648399139165887
correlated_roughness-s00,straight,128,False,True,False,
correlated_roughness-s01,arc_left,32,True,False,True,
correlated_roughness-s01,arc_left,64,True,False,True,
correlated_roughness-s01,arc_left,128,False,False,False,
correlated_roughness-s01,arc_right,32,True,False,True,
correlated_roughness-s01,arc_right,64,True,False,True,
correlated_roughness-s01,arc_right,128,False,False,False,
correlated_roughness-s01,barrier,32,True,True,True,-15.115265182475186
correlated_roughness-s01,barrier,64,True,True,True,-15.065088572158784
correlated_roughness-s01,barrier,128,False,True,False,
correlated_roughness-s01,fast_marching,32,False,False,False,
correlated_roughness-s01,fast_marching,64,False,False,False,
correlated_roughness-s01,fast_marching,128,False,False,False,
correlated_roughness-s01,straight,32,True,True,True,-15.115265198026934
correlated_roughness-s01,straight,64,True,True,True,-15.065088587719735
correlated_roughness-s01,straight,128,False,True,False,
correlated_roughness-s02,arc_left,32,True,False,True,
correlated_roughness-s02,arc_left,64,False,True,False,
correlated_roughness-s02,arc_left,128,False,False,False,
correlated_roughness-s02,arc_right,32,True,True,True,-10.777263700167877
correlated_roughness-s02,arc_right,64,True,True,True,-10.848428345299409
correlated_roughness-s02,arc_right,128,False,True,False,
correlated_roughness-s02,barrier,32,False,False,False,
correlated_roughness-s02,barrier,64,False,False,False,
correlated_roughness-s02,barrier,128,False,False,False,
correlated_roughness-s02,fast_marching,32,True,True,True,-0.171080575252451
correlated_roughness-s02,fast_marching,64,True,True,True,-0.01568966672630092
correlated_roughness-s02,fast_marching,128,False,True,False,
correlated_roughness-s02,straight,32,True,False,True,
correlated_roughness-s02,straight,64,True,False,True,
correlated_roughness-s02,straight,128,False,False,False,
correlated_roughness-s03,arc_left,32,True,True,True,-0.0022994374027501758
correlated_roughness-s03,arc_left,64,True,True,True,-0.00048240947202510525
correlated_roughness-s03,arc_left,128,False,True,False,
correlated_roughness-s03,arc_right,32,True,False,True,
correlated_roughness-s03,arc_right,64,True,False,True,
correlated_roughness-s03,arc_right,128,False,True,False,
correlated_roughness-s03,barrier,32,True,True,True,-14.386316455914514
correlated_roughness-s03,barrier,64,True,False,True,
correlated_roughness-s03,barrier,128,False,False,False,
correlated_roughness-s03,fast_marching,32,True,True,True,-0.0022994483589367024
correlated_roughness-s03,fast_marching,64,True,True,True,-0.0004824186123365363
correlated_roughness-s03,fast_marching,128,False,True,False,
correlated_roughness-s03,straight,32,True,True,True,-14.386316425669218
correlated_roughness-s03,straight,64,True,False,True,
correlated_roughness-s03,straight,128,False,False,False,
correlated_roughness-s04,arc_left,32,True,True,True,-21.340519380427722
correlated_roughness-s04,arc_left,64,True,True,True,-21.159417076472224
correlated_roughness-s04,arc_left,128,False,True,False,
correlated_roughness-s04,arc_right,32,False,False,False,
correlated_roughness-s04,arc_right,64,False,False,False,
correlated_roughness-s04,arc_right,128,False,False,False,
correlated_roughness-s04,barrier,32,False,True,False,
correlated_roughness-s04,barrier,64,False,True,False,
correlated_roughness-s04,barrier,128,False,True,False,
correlated_roughness-s04,fast_marching,32,True,True,True,0.0035752648531354177
correlated_roughness-s04,fast_marching,64,True,True,True,0.0009911798777717641
correlated_roughness-s04,fast_marching,128,False,True,False,
correlated_roughness-s04,straight,32,True,False,True,
correlated_roughness-s04,straight,64,True,False,True,
correlated_roughness-s04,straight,128,False,False,False,
correlated_roughness-s05,arc_left,32,True,True,True,-23.011104967101346
correlated_roughness-s05,arc_left,64,True,True,True,-22.522413970447847
correlated_roughness-s05,arc_left,128,False,True,False,
correlated_roughness-s05,arc_right,32,True,False,True,
correlated_roughness-s05,arc_right,64,False,False,False,
correlated_roughness-s05,arc_right,128,False,False,False,
correlated_roughness-s05,barrier,32,True,True,True,-6.719670910567417
correlated_roughness-s05,barrier,64,True,True,True,-6.675069514349876
correlated_roughness-s05,barrier,128,False,True,False,
correlated_roughness-s05,fast_marching,32,True,True,True,-0.022278895517592788
correlated_roughness-s05,fast_marching,64,True,True,True,-0.0030760724232798977
correlated_roughness-s05,fast_marching,128,False,True,False,
correlated_roughness-s05,straight,32,True,True,True,-6.719670866820254
correlated_roughness-s05,straight,64,True,True,True,-6.675069514964976
correlated_roughness-s05,straight,128,False,True,False,
correlated_roughness-s06,arc_left,32,True,True,True,-40.79961319091425
correlated_roughness-s06,arc_left,64,True,True,True,-40.820340644006656
correlated_roughness-s06,arc_left,128,False,True,False,
correlated_roughness-s06,arc_right,32,True,True,True,-37.924406798675136
correlated_roughness-s06,arc_right,64,True,True,True,-36.97780912505143
correlated_roughness-s06,arc_right,128,False,True,False,
correlated_roughness-s06,barrier,32,True,True,True,-24.881756826384034
correlated_roughness-s06,barrier,64,True,True,True,-26.703301083083097
correlated_roughness-s06,barrier,128,False,True,False,
correlated_roughness-s06,fast_marching,32,True,True,True,0.0028474203397249754
correlated_roughness-s06,fast_marching,64,True,True,True,0.0008001044488626036
correlated_roughness-s06,fast_marching,128,False,True,False,
correlated_roughness-s06,straight,32,True,True,True,-24.881756829150145
correlated_roughness-s06,straight,64,True,True,True,-26.703301087448914
correlated_roughness-s06,straight,128,False,True,False,
correlated_roughness-s07,arc_left,32,False,False,False,
correlated_roughness-s07,arc_left,64,False,False,False,
correlated_roughness-s07,arc_left,128,False,False,False,
correlated_roughness-s07,arc_right,32,True,True,True,-25.690439184434396
correlated_roughness-s07,arc_right,64,True,True,True,-26.27621446044038
correlated_roughness-s07,arc_right,128,False,True,False,
correlated_roughness-s07,barrier,32,True,False,True,
correlated_roughness-s07,barrier,64,True,False,True,
correlated_roughness-s07,barrier,128,False,False,False,
correlated_roughness-s07,fast_marching,32,False,False,False,
correlated_roughness-s07,fast_marching,64,False,False,False,
correlated_roughness-s07,fast_marching,128,False,False,False,
correlated_roughness-s07,straight,32,True,False,True,
correlated_roughness-s07,straight,64,True,False,True,
correlated_roughness-s07,straight,128,False,False,False,
correlated_roughness-s08,arc_left,32,True,False,True,
correlated_roughness-s08,arc_left,64,True,False,True,
correlated_roughness-s08,arc_left,128,False,False,False,
correlated_roughness-s08,arc_right,32,True,True,True,-27.638790966991376
correlated_roughness-s08,arc_right,64,True,True,True,-27.510961933815384
correlated_roughness-s08,arc_right,128,False,True,False,
correlated_roughness-s08,barrier,32,True,True,True,-22.874069227930697
correlated_roughness-s08,barrier,64,True,True,True,-20.93349175766617
correlated_roughness-s08,barrier,128,False,True,False,
correlated_roughness-s08,fast_marching,32,True,True,True,-0.02073184093983597
correlated_roughness-s08,fast_marching,64,True,True,True,-0.0018798967949401292
correlated_roughness-s08,fast_marching,128,False,True,False,
correlated_roughness-s08,straight,32,True,True,True,-22.874069332541925
correlated_roughness-s08,straight,64,True,True,True,-20.93349080690226
correlated_roughness-s08,straight,128,False,True,False,
correlated_roughness-s09,arc_left,32,True,False,True,
correlated_roughness-s09,arc_left,64,True,False,True,
correlated_roughness-s09,arc_left,128,False,False,False,
correlated_roughness-s09,arc_right,32,True,True,True,-25.03270972680118
correlated_roughness-s09,arc_right,64,True,True,True,-24.96633199115763
correlated_roughness-s09,arc_right,128,False,True,False,
correlated_roughness-s09,barrier,32,True,True,True,-9.020723826161097
correlated_roughness-s09,barrier,64,True,True,True,-9.01982831112916
correlated_roughness-s09,barrier,128,False,True,False,
correlated_roughness-s09,fast_marching,32,True,True,True,-0.0011145220958938067
correlated_roughness-s09,fast_marching,64,True,True,True,-0.00023392163905844226
correlated_roughness-s09,fast_marching,128,False,True,False,
correlated_roughness-s09,straight,32,True,True,True,-9.020723834920421
correlated_roughness-s09,straight,64,True,True,True,-9.019828315584675
correlated_roughness-s09,straight,128,False,True,False,
correlated_roughness-s10,arc_left,32,True,False,False,
correlated_roughness-s10,arc_left,64,True,False,False,
correlated_roughness-s10,arc_left,128,False,False,False,
correlated_roughness-s10,arc_right,32,True,True,True,-23.38011293905435
correlated_roughness-s10,arc_right,64,True,True,True,-23.420630585904032
correlated_roughness-s10,arc_right,128,False,True,False,
correlated_roughness-s10,barrier,32,True,True,True,-13.069600213756011
correlated_roughness-s10,barrier,64,True,True,True,-14.440329939402758
correlated_roughness-s10,barrier,128,False,True,False,
correlated_roughness-s10,fast_marching,32,False,False,False,
correlated_roughness-s10,fast_marching,64,False,False,False,
correlated_roughness-s10,fast_marching,128,False,False,False,
correlated_roughness-s10,straight,32,True,True,True,-13.069598476439001
correlated_roughness-s10,straight,64,True,True,True,-14.440291183726492
correlated_roughness-s10,straight,128,False,True,False,
correlated_roughness-s11,arc_left,32,True,True,True,-39.74620620758976
correlated_roughness-s11,arc_left,64,True,True,True,-39.715215050945005
correlated_roughness-s11,arc_left,128,False,True,False,
correlated_roughness-s11,arc_right,32,True,False,True,
correlated_roughness-s11,arc_right,64,True,False,True,
correlated_roughness-s11,arc_right,128,False,False,False,
correlated_roughness-s11,barrier,32,True,True,True,-25.66925755147363
correlated_roughness-s11,barrier,64,True,True,True,-25.55129335198969
correlated_roughness-s11,barrier,128,False,True,False,
correlated_roughness-s11,fast_marching,32,False,False,False,
correlated_roughness-s11,fast_marching,64,False,False,False,
correlated_roughness-s11,fast_marching,128,False,False,False,
correlated_roughness-s11,straight,32,True,True,True,-25.669257604072143
correlated_roughness-s11,straight,64,True,True,True,-25.551293350790996
correlated_roughness-s11,straight,128,False,True,False,
correlated_roughness-s12,arc_left,32,True,True,True,0.005824602862308419
correlated_roughness-s12,arc_left,64,True,True,True,-0.00010473648402775618
correlated_roughness-s12,arc_left,128,False,True,False,
correlated_roughness-s12,arc_right,32,True,True,True,-24.94658749071767
correlated_roughness-s12,arc_right,64,True,True,True,-25.600397559450734
correlated_roughness-s12,arc_right,128,False,True,False,
correlated_roughness-s12,barrier,32,True,True,True,-9.86804790994275
correlated_roughness-s12,barrier,64,True,True,True,-9.835431526283042
correlated_roughness-s12,barrier,128,False,True,False,
correlated_roughness-s12,fast_marching,32,False,False,False,
correlated_roughness-s12,fast_marching,64,False,False,False,
correlated_roughness-s12,fast_marching,128,False,False,False,
correlated_roughness-s12,straight,32,True,True,True,-9.232009227830103
correlated_roughness-s12,straight,64,True,True,True,-9.83543338611407
correlated_roughness-s12,straight,128,False,True,False,
correlated_roughness-s13,arc_left,32,True,True,True,-26.85286184526879
correlated_roughness-s13,arc_left,64,True,True,True,-27.338294883093095
correlated_roughness-s13,arc_left,128,False,True,False,
correlated_roughness-s13,arc_right,32,True,True,True,0.12498566692102797
correlated_roughness-s13,arc_right,64,True,True,True,-0.18077036517615117
correlated_roughness-s13,arc_right,128,False,False,False,
correlated_roughness-s13,barrier,32,True,True,True,-5.86022529719995
correlated_roughness-s13,barrier,64,True,True,True,-5.8010687196733155
correlated_roughness-s13,barrier,128,False,True,False,
correlated_roughness-s13,fast_marching,32,True,True,True,-0.07463015503529039
correlated_roughness-s13,fast_marching,64,True,True,True,-0.0036764479804992163
correlated_roughness-s13,fast_marching,128,False,True,False,
correlated_roughness-s13,straight,32,True,True,True,-5.860225271085629
correlated_roughness-s13,straight,64,True,True,True,-5.801068729711407
correlated_roughness-s13,straight,128,False,True,False,
correlated_roughness-s14,arc_left,32,True,True,True,-2.499191555442485
correlated_roughness-s14,arc_left,64,True,True,True,-2.4690375086406435
correlated_roughness-s14,arc_left,128,False,True,False,
correlated_roughness-s14,arc_right,32,True,False,True,
correlated_roughness-s14,arc_right,64,False,False,False,
correlated_roughness-s14,arc_right,128,False,False,False,
correlated_roughness-s14,barrier,32,False,True,False,
correlated_roughness-s14,barrier,64,False,True,False,
correlated_roughness-s14,barrier,128,False,True,False,
correlated_roughness-s14,fast_marching,32,False,False,False,
correlated_roughness-s14,fast_marching,64,False,False,False,
correlated_roughness-s14,fast_marching,128,False,False,False,
correlated_roughness-s14,straight,32,True,False,True,
correlated_roughness-s14,straight,64,True,False,True,
correlated_roughness-s14,straight,128,False,False,False,
correlated_roughness-s15,arc_left,32,True,False,True,
correlated_roughness-s15,arc_left,64,True,False,True,
correlated_roughness-s15,arc_left,128,False,False,False,
correlated_roughness-s15,arc_right,32,True,True,True,-19.327415405524253
correlated_roughness-s15,arc_right,64,True,True,True,-21.09694527401082
correlated_roughness-s15,arc_right,128,False,True,False,
correlated_roughness-s15,barrier,32,True,True,True,-0.018437810397320224
correlated_roughness-s15,barrier,64,True,True,True,0.00928349412524318
correlated_roughness-s15,barrier,128,False,True,False,
correlated_roughness-s15,fast_marching,32,False,True,False,
correlated_roughness-s15,fast_marching,64,False,True,False,
correlated_roughness-s15,fast_marching,128,False,True,False,
correlated_roughness-s15,straight,32,True,True,True,-0.7671551681112311
correlated_roughness-s15,straight,64,True,True,True,-0.8320861977126238
correlated_roughness-s15,straight,128,False,True,False,
correlated_roughness-s16,arc_left,32,True,True,True,-1.8181178010381094
correlated_roughness-s16,arc_left,64,True,True,True,-3.1099515397544124
correlated_roughness-s16,arc_left,128,False,True,False,
correlated_roughness-s16,arc_right,32,True,False,True,
correlated_roughness-s16,arc_right,64,True,False,True,
correlated_roughness-s16,arc_right,128,False,False,False,
correlated_roughness-s16,barrier,32,True,True,True,-23.219525083436515
correlated_roughness-s16,barrier,64,True,True,True,-24.250412474341665
correlated_roughness-s16,barrier,128,False,True,False,
correlated_roughness-s16,fast_marching,32,False,False,False,
correlated_roughness-s16,fast_marching,64,False,False,False,
correlated_roughness-s16,fast_marching,128,False,False,False,
correlated_roughness-s16,straight,32,True,True,True,-23.21952511752514
correlated_roughness-s16,straight,64,True,True,True,-24.250412481140817
correlated_roughness-s16,straight,128,False,True,False,
correlated_roughness-s17,arc_left,32,True,False,True,
correlated_roughness-s17,arc_left,64,False,False,False,
correlated_roughness-s17,arc_left,128,False,False,False,
correlated_roughness-s17,arc_right,32,True,False,True,
correlated_roughness-s17,arc_right,64,True,True,True,-27.808439346366058
correlated_roughness-s17,arc_right,128,False,False,False,
correlated_roughness-s17,barrier,32,False,False,False,
correlated_roughness-s17,barrier,64,False,False,False,
correlated_roughness-s17,barrier,128,False,False,False,
correlated_roughness-s17,fast_marching,32,True,True,True,-0.1274491410544856
correlated_roughness-s17,fast_marching,64,True,True,True,-0.015201073791745413
correlated_roughness-s17,fast_marching,128,False,True,False,
correlated_roughness-s17,straight,32,True,False,True,
correlated_roughness-s17,straight,64,True,False,True,
correlated_roughness-s17,straight,128,False,False,False,
correlated_roughness-s18,arc_left,32,True,True,True,-21.96553233106271
correlated_roughness-s18,arc_left,64,True,True,True,-9.586527889751382
correlated_roughness-s18,arc_left,128,False,True,False,
correlated_roughness-s18,arc_right,32,True,True,True,-10.841151235239954
correlated_roughness-s18,arc_right,64,True,True,True,-11.959905130359873
correlated_roughness-s18,arc_right,128,False,True,False,
correlated_roughness-s18,barrier,32,True,True,True,-2.5327974276951064
correlated_roughness-s18,barrier,64,True,True,True,-2.5199197020713573
correlated_roughness-s18,barrier,128,False,True,False,
correlated_roughness-s18,fast_marching,32,True,True,True,0.00032205608731156096
correlated_roughness-s18,fast_marching,64,True,True,True,0.00013960113641623716
correlated_roughness-s18,fast_marching,128,False,True,False,
correlated_roughness-s18,straight,32,True,True,True,-2.527342123675749
correlated_roughness-s18,straight,64,True,True,True,-2.5218706450602353
correlated_roughness-s18,straight,128,False,True,False,
correlated_roughness-s19,arc_left,32,True,True,True,-17.577789826066276
correlated_roughness-s19,arc_left,64,True,False,True,
correlated_roughness-s19,arc_left,128,False,True,False,
correlated_roughness-s19,arc_right,32,True,True,True,-8.988957701468994
correlated_roughness-s19,arc_right,64,True,False,True,
correlated_roughness-s19,arc_right,128,False,True,False,
correlated_roughness-s19,barrier,32,True,True,True,-15.674871090538986
correlated_roughness-s19,barrier,64,True,True,True,-16.21393073006311
correlated_roughness-s19,barrier,128,False,True,False,
correlated_roughness-s19,fast_marching,32,True,True,True,-0.10466708052278134
correlated_roughness-s19,fast_marching,64,True,True,True,-0.0025149402973472443
correlated_roughness-s19,fast_marching,128,False,True,False,
correlated_roughness-s19,straight,32,True,True,True,-15.674871039691341
correlated_roughness-s19,straight,64,True,True,True,-16.213930737506793
correlated_roughness-s19,straight,128,False,True,False,
dead_ends-s00,arc_left,32,True,False,True,
dead_ends-s00,arc_left,64,True,False,False,
dead_ends-s00,arc_left,128,False,False,False,
dead_ends-s00,arc_right,32,True,False,True,
dead_ends-s00,arc_right,64,False,False,False,
dead_ends-s00,arc_right,128,True,False,False,
dead_ends-s00,barrier,32,True,True,True,0.0016701069965040641
dead_ends-s00,barrier,64,True,False,True,
dead_ends-s00,barrier,128,False,True,False,
dead_ends-s00,fast_marching,32,True,True,True,0.0016700857713965779
dead_ends-s00,fast_marching,64,True,True,True,0.0006052103043565004
dead_ends-s00,fast_marching,128,False,True,False,
dead_ends-s00,straight,32,True,False,False,
dead_ends-s00,straight,64,False,False,False,
dead_ends-s00,straight,128,False,False,False,
dead_ends-s01,arc_left,32,True,False,True,
dead_ends-s01,arc_left,64,False,False,False,
dead_ends-s01,arc_left,128,True,False,False,
dead_ends-s01,arc_right,32,True,False,True,
dead_ends-s01,arc_right,64,False,False,False,
dead_ends-s01,arc_right,128,False,False,False,
dead_ends-s01,barrier,32,True,True,True,0.0018183287189892433
dead_ends-s01,barrier,64,True,False,True,
dead_ends-s01,barrier,128,False,True,False,
dead_ends-s01,fast_marching,32,True,True,True,0.0018183108694223508
dead_ends-s01,fast_marching,64,True,True,True,0.0006864604808020097
dead_ends-s01,fast_marching,128,False,True,False,
dead_ends-s01,straight,32,True,False,False,
dead_ends-s01,straight,64,True,False,False,
dead_ends-s01,straight,128,False,False,False,
dead_ends-s02,arc_left,32,True,False,False,
dead_ends-s02,arc_left,64,False,False,False,
dead_ends-s02,arc_left,128,True,False,False,
dead_ends-s02,arc_right,32,True,False,True,
dead_ends-s02,arc_right,64,False,False,False,
dead_ends-s02,arc_right,128,False,False,False,
dead_ends-s02,barrier,32,True,True,True,-25.13724824201734
dead_ends-s02,barrier,64,True,True,True,-38.98184143254254
dead_ends-s02,barrier,128,False,True,False,
dead_ends-s02,fast_marching,32,True,True,True,0.001419019449599279
dead_ends-s02,fast_marching,64,True,True,True,0.000535826767367185
dead_ends-s02,fast_marching,128,False,True,False,
dead_ends-s02,straight,32,True,False,False,
dead_ends-s02,straight,64,False,False,False,
dead_ends-s02,straight,128,False,False,False,
dead_ends-s03,arc_left,32,True,False,True,
dead_ends-s03,arc_left,64,True,False,False,
dead_ends-s03,arc_left,128,False,False,False,
dead_ends-s03,arc_right,32,True,False,True,
dead_ends-s03,arc_right,64,False,False,False,
dead_ends-s03,arc_right,128,False,False,False,
dead_ends-s03,barrier,32,True,True,True,0.0012738786407202407
dead_ends-s03,barrier,64,True,True,True,-32.93381820321623
dead_ends-s03,barrier,128,False,True,False,
dead_ends-s03,fast_marching,32,True,True,True,0.0012738817350544539
dead_ends-s03,fast_marching,64,True,True,True,0.0004589838226982805
dead_ends-s03,fast_marching,128,False,True,False,
dead_ends-s03,straight,32,True,False,False,
dead_ends-s03,straight,64,False,False,False,
dead_ends-s03,straight,128,False,False,False,
dead_ends-s04,arc_left,32,True,False,True,
dead_ends-s04,arc_left,64,False,False,False,
dead_ends-s04,arc_left,128,False,False,False,
dead_ends-s04,arc_right,32,True,False,False,
dead_ends-s04,arc_right,64,False,False,False,
dead_ends-s04,arc_right,128,False,False,False,
dead_ends-s04,barrier,32,True,True,True,0.0012385524840184366
dead_ends-s04,barrier,64,True,True,True,-28.869219319174004
dead_ends-s04,barrier,128,False,False,False,
dead_ends-s04,fast_marching,32,True,True,True,0.0012385468934821783
dead_ends-s04,fast_marching,64,True,True,True,0.00044118631181026634
dead_ends-s04,fast_marching,128,False,True,False,
dead_ends-s04,straight,32,True,False,False,
dead_ends-s04,straight,64,False,False,False,
dead_ends-s04,straight,128,False,False,False,
dead_ends-s05,arc_left,32,True,False,True,
dead_ends-s05,arc_left,64,False,False,False,
dead_ends-s05,arc_left,128,False,False,False,
dead_ends-s05,arc_right,32,True,False,False,
dead_ends-s05,arc_right,64,True,False,False,
dead_ends-s05,arc_right,128,True,False,False,
dead_ends-s05,barrier,32,True,True,True,-27.141635625203573
dead_ends-s05,barrier,64,True,True,True,-56.743237505292896
dead_ends-s05,barrier,128,False,False,False,
dead_ends-s05,fast_marching,32,True,True,True,0.00133706108949555
dead_ends-s05,fast_marching,64,True,True,True,0.000500204254923525
dead_ends-s05,fast_marching,128,False,True,False,
dead_ends-s05,straight,32,True,False,False,
dead_ends-s05,straight,64,False,False,False,
dead_ends-s05,straight,128,False,False,False,
dead_ends-s06,arc_left,32,True,False,True,
dead_ends-s06,arc_left,64,True,False,False,
dead_ends-s06,arc_left,128,False,False,False,
dead_ends-s06,arc_right,32,True,False,False,
dead_ends-s06,arc_right,64,False,False,False,
dead_ends-s06,arc_right,128,False,False,False,
dead_ends-s06,barrier,32,True,True,True,0.0019179833423382084
dead_ends-s06,barrier,64,True,True,True,-30.410202477121935
dead_ends-s06,barrier,128,False,True,False,
dead_ends-s06,fast_marching,32,True,True,True,0.0019179819115600998
dead_ends-s06,fast_marching,64,True,True,True,0.0006772021540935748
dead_ends-s06,fast_marching,128,False,True,False,
dead_ends-s06,straight,32,True,False,False,
dead_ends-s06,straight,64,False,False,False,
dead_ends-s06,straight,128,False,False,False,
dead_ends-s07,arc_left,32,True,False,True,
dead_ends-s07,arc_left,64,False,False,False,
dead_ends-s07,arc_left,128,False,False,False,
dead_ends-s07,arc_right,32,True,False,True,
dead_ends-s07,arc_right,64,True,False,False,
dead_ends-s07,arc_right,128,True,False,False,
dead_ends-s07,barrier,32,True,True,True,0.001618086469815177
dead_ends-s07,barrier,64,True,False,True,
dead_ends-s07,barrier,128,False,True,False,
dead_ends-s07,fast_marching,32,True,True,True,0.0016180876611742315
dead_ends-s07,fast_marching,64,True,True,True,0.0006105394085101707
dead_ends-s07,fast_marching,128,False,True,False,
dead_ends-s07,straight,32,True,False,True,
dead_ends-s07,straight,64,True,False,False,
dead_ends-s07,straight,128,False,False,False,
dead_ends-s08,arc_left,32,True,False,True,
dead_ends-s08,arc_left,64,False,False,False,
dead_ends-s08,arc_left,128,True,False,False,
dead_ends-s08,arc_right,32,True,False,False,
dead_ends-s08,arc_right,64,False,False,False,
dead_ends-s08,arc_right,128,False,False,False,
dead_ends-s08,barrier,32,True,True,True,-26.14087753861973
dead_ends-s08,barrier,64,True,True,True,-35.005031918449156
dead_ends-s08,barrier,128,False,False,False,
dead_ends-s08,fast_marching,32,True,True,True,0.0015526985334457317
dead_ends-s08,fast_marching,64,True,True,True,0.0005750603438512954
dead_ends-s08,fast_marching,128,False,True,False,
dead_ends-s08,straight,32,True,False,False,
dead_ends-s08,straight,64,False,False,False,
dead_ends-s08,straight,128,False,False,False,
dead_ends-s09,arc_left,32,True,False,True,
dead_ends-s09,arc_left,64,False,False,False,
dead_ends-s09,arc_left,128,False,False,False,
dead_ends-s09,arc_right,32,True,False,True,
dead_ends-s09,arc_right,64,True,False,False,
dead_ends-s09,arc_right,128,False,False,False,
dead_ends-s09,barrier,32,True,True,True,0.0013237713997172624
dead_ends-s09,barrier,64,True,True,True,-25.66709622205446
dead_ends-s09,barrier,128,False,True,False,
dead_ends-s09,fast_marching,32,True,True,True,0.00132376116890229
dead_ends-s09,fast_marching,64,True,True,True,0.0004803028041280039
dead_ends-s09,fast_marching,128,False,True,False,
dead_ends-s09,straight,32,True,False,False,
dead_ends-s09,straight,64,False,False,False,
dead_ends-s09,straight,128,False,False,False,
dead_ends-s10,arc_left,32,True,False,False,
dead_ends-s10,arc_left,64,True,False,False,
dead_ends-s10,arc_left,128,False,False,False,
dead_ends-s10,arc_right,32,True,False,True,
dead_ends-s10,arc_right,64,False,False,False,
dead_ends-s10,arc_right,128,False,False,False,
dead_ends-s10,barrier,32,True,True,True,0.0012405817367640989
dead_ends-s10,barrier,64,True,True,True,-30.731249065375728
dead_ends-s10,barrier,128,False,False,False,
dead_ends-s10,fast_marching,32,True,True,True,0.0012405610521685705
dead_ends-s10,fast_marching,64,True,True,True,0.0004339659738133424
dead_ends-s10,fast_marching,128,False,True,False,
dead_ends-s10,straight,32,True,False,False,
dead_ends-s10,straight,64,False,False,False,
dead_ends-s10,straight,128,False,False,False,
dead_ends-s11,arc_left,32,True,False,True,
dead_ends-s11,arc_left,64,True,False,False,
dead_ends-s11,arc_left,128,False,False,False,
dead_ends-s11,arc_right,32,True,False,True,
dead_ends-s11,arc_right,64,True,False,False,
dead_ends-s11,arc_right,128,False,False,False,
dead_ends-s11,barrier,32,True,True,True,-22.40205645409949
dead_ends-s11,barrier,64,True,True,True,-30.417410367899592
dead_ends-s11,barrier,128,False,False,False,
dead_ends-s11,fast_marching,32,True,True,True,0.001252239043582738
dead_ends-s11,fast_marching,64,True,True,True,0.00047011731041243944
dead_ends-s11,fast_marching,128,False,True,False,
dead_ends-s11,straight,32,True,False,False,
dead_ends-s11,straight,64,False,False,False,
dead_ends-s11,straight,128,False,False,False,
dead_ends-s12,arc_left,32,True,False,False,
dead_ends-s12,arc_left,64,False,False,False,
dead_ends-s12,arc_left,128,True,False,False,
dead_ends-s12,arc_right,32,True,False,False,
dead_ends-s12,arc_right,64,False,False,False,
dead_ends-s12,arc_right,128,False,False,False,
dead_ends-s12,barrier,32,True,True,True,0.001456350039406437
dead_ends-s12,barrier,64,True,False,True,
dead_ends-s12,barrier,128,False,True,False,
dead_ends-s12,fast_marching,32,True,True,True,0.0014563353805444176
dead_ends-s12,fast_marching,64,True,True,True,0.0005405332548838148
dead_ends-s12,fast_marching,128,False,True,False,
dead_ends-s12,straight,32,True,False,False,
dead_ends-s12,straight,64,True,False,False,
dead_ends-s12,straight,128,False,False,False,
dead_ends-s13,arc_left,32,True,False,False,
dead_ends-s13,arc_left,64,True,False,False,
dead_ends-s13,arc_left,128,False,False,False,
dead_ends-s13,arc_right,32,True,False,False,
dead_ends-s13,arc_right,64,True,False,False,
dead_ends-s13,arc_right,128,False,False,False,
dead_ends-s13,barrier,32,True,True,True,0.0013033165561741643
dead_ends-s13,barrier,64,True,False,True,
dead_ends-s13,barrier,128,False,False,False,
dead_ends-s13,fast_marching,32,True,True,True,0.0013033151628006373
dead_ends-s13,fast_marching,64,True,True,True,0.0004780678353412419
dead_ends-s13,fast_marching,128,False,True,False,
dead_ends-s13,straight,32,True,False,False,
dead_ends-s13,straight,64,False,False,False,
dead_ends-s13,straight,128,False,False,False,
dead_ends-s14,arc_left,32,True,False,True,
dead_ends-s14,arc_left,64,False,False,False,
dead_ends-s14,arc_left,128,False,False,False,
dead_ends-s14,arc_right,32,True,False,False,
dead_ends-s14,arc_right,64,True,False,False,
dead_ends-s14,arc_right,128,True,False,False,
dead_ends-s14,barrier,32,True,True,True,-25.510676269552874
dead_ends-s14,barrier,64,True,True,True,-37.787281497492756
dead_ends-s14,barrier,128,False,False,False,
dead_ends-s14,fast_marching,32,True,True,True,0.0013442150017558766
dead_ends-s14,fast_marching,64,True,True,True,0.0004895855115504073
dead_ends-s14,fast_marching,128,False,True,False,
dead_ends-s14,straight,32,True,False,False,
dead_ends-s14,straight,64,False,False,False,
dead_ends-s14,straight,128,False,False,False,
dead_ends-s15,arc_left,32,True,False,True,
dead_ends-s15,arc_left,64,True,False,False,
dead_ends-s15,arc_left,128,False,False,False,
dead_ends-s15,arc_right,32,True,False,False,
dead_ends-s15,arc_right,64,True,False,False,
dead_ends-s15,arc_right,128,True,False,False,
dead_ends-s15,barrier,32,True,True,True,0.001627690015069952
dead_ends-s15,barrier,64,True,True,True,-39.26216737887636
dead_ends-s15,barrier,128,False,True,False,
dead_ends-s15,fast_marching,32,True,True,True,0.001627660755007604
dead_ends-s15,fast_marching,64,True,True,True,0.0005726249241810302
dead_ends-s15,fast_marching,128,False,True,False,
dead_ends-s15,straight,32,True,False,False,
dead_ends-s15,straight,64,False,False,False,
dead_ends-s15,straight,128,False,False,False,
dead_ends-s16,arc_left,32,True,False,True,
dead_ends-s16,arc_left,64,False,False,False,
dead_ends-s16,arc_left,128,False,False,False,
dead_ends-s16,arc_right,32,True,False,True,
dead_ends-s16,arc_right,64,False,False,False,
dead_ends-s16,arc_right,128,True,False,False,
dead_ends-s16,barrier,32,True,True,True,0.001800613747688005
dead_ends-s16,barrier,64,True,True,True,-43.03546896348567
dead_ends-s16,barrier,128,False,True,False,
dead_ends-s16,fast_marching,32,True,True,True,0.0018006024028914243
dead_ends-s16,fast_marching,64,True,True,True,0.0006517744293668388
dead_ends-s16,fast_marching,128,False,True,False,
dead_ends-s16,straight,32,True,False,False,
dead_ends-s16,straight,64,False,False,False,
dead_ends-s16,straight,128,False,False,False,
dead_ends-s17,arc_left,32,True,False,True,
dead_ends-s17,arc_left,64,True,False,False,
dead_ends-s17,arc_left,128,False,False,False,
dead_ends-s17,arc_right,32,True,False,False,
dead_ends-s17,arc_right,64,True,False,False,
dead_ends-s17,arc_right,128,False,False,False,
dead_ends-s17,barrier,32,True,True,True,-26.006739695582414
dead_ends-s17,barrier,64,True,True,True,-34.98025656980676
dead_ends-s17,barrier,128,False,True,False,
dead_ends-s17,fast_marching,32,True,True,True,0.0013176676453338309
dead_ends-s17,fast_marching,64,True,True,True,0.00048308726924380335
dead_ends-s17,fast_marching,128,False,True,False,
dead_ends-s17,straight,32,True,False,False,
dead_ends-s17,straight,64,False,False,False,
dead_ends-s17,straight,128,False,False,False,
dead_ends-s18,arc_left,32,True,False,False,
dead_ends-s18,arc_left,64,False,False,False,
dead_ends-s18,arc_left,128,True,False,False,
dead_ends-s18,arc_right,32,True,False,True,
dead_ends-s18,arc_right,64,True,False,False,
dead_ends-s18,arc_right,128,True,False,False,
dead_ends-s18,barrier,32,True,True,True,0.0017370336795376631
dead_ends-s18,barrier,64,True,True,True,-25.724662921387683
dead_ends-s18,barrier,128,False,True,False,
dead_ends-s18,fast_marching,32,True,True,True,0.0017370349533931794
dead_ends-s18,fast_marching,64,True,True,True,0.0006313212272705692
dead_ends-s18,fast_marching,128,False,True,False,
dead_ends-s18,straight,32,True,False,False,
dead_ends-s18,straight,64,False,False,False,
dead_ends-s18,straight,128,False,False,False,
dead_ends-s19,arc_left,32,True,False,False,
dead_ends-s19,arc_left,64,True,False,False,
dead_ends-s19,arc_left,128,True,False,False,
dead_ends-s19,arc_right,32,True,False,True,
dead_ends-s19,arc_right,64,False,False,False,
dead_ends-s19,arc_right,128,True,False,False,
dead_ends-s19,barrier,32,True,True,True,0.0017512606894820864
dead_ends-s19,barrier,64,True,True,True,-33.766749704730984
dead_ends-s19,barrier,128,False,False,False,
dead_ends-s19,fast_marching,32,True,True,True,0.0017512588856688743
dead_ends-s19,fast_marching,64,True,True,True,0.0006432649122692823
dead_ends-s19,fast_marching,128,False,True,False,
dead_ends-s19,straight,32,True,False,False,
dead_ends-s19,straight,64,False,False,False,
dead_ends-s19,straight,128,False,False,False,
ridge_pass-s00,arc_left,32,True,False,False,
ridge_pass-s00,arc_left,64,True,False,False,
ridge_pass-s00,arc_left,128,True,False,False,
ridge_pass-s00,arc_right,32,True,False,True,
ridge_pass-s00,arc_right,64,True,False,True,
ridge_pass-s00,arc_right,128,False,False,False,
ridge_pass-s00,barrier,32,True,True,True,0.00016601305554340805
ridge_pass-s00,barrier,64,True,True,True,4.3530050420688856e-05
ridge_pass-s00,barrier,128,False,True,False,
ridge_pass-s00,fast_marching,32,True,True,True,0.0001660084304351061
ridge_pass-s00,fast_marching,64,True,True,True,4.3499682253377625e-05
ridge_pass-s00,fast_marching,128,False,True,False,
ridge_pass-s00,straight,32,True,True,True,0.0001660128057374828
ridge_pass-s00,straight,64,True,True,True,4.349967860940271e-05
ridge_pass-s00,straight,128,False,True,False,
ridge_pass-s01,arc_left,32,True,True,True,0.0010324601650471372
ridge_pass-s01,arc_left,64,True,True,True,0.00027070292755821047
ridge_pass-s01,arc_left,128,False,True,False,
ridge_pass-s01,arc_right,32,True,False,True,
ridge_pass-s01,arc_right,64,True,False,True,
ridge_pass-s01,arc_right,128,True,False,False,
ridge_pass-s01,barrier,32,True,True,True,0.0010324263467879067
ridge_pass-s01,barrier,64,True,True,True,0.00027067252751584525
ridge_pass-s01,barrier,128,False,True,False,
ridge_pass-s01,fast_marching,32,True,True,True,0.0010324338194851142
ridge_pass-s01,fast_marching,64,True,True,True,0.000270654118157438
ridge_pass-s01,fast_marching,128,False,True,False,
ridge_pass-s01,straight,32,True,False,False,
ridge_pass-s01,straight,64,True,False,False,
ridge_pass-s01,straight,128,True,False,False,
ridge_pass-s02,arc_left,32,True,False,False,
ridge_pass-s02,arc_left,64,False,False,False,
ridge_pass-s02,arc_left,128,True,False,False,
ridge_pass-s02,arc_right,32,True,False,True,
ridge_pass-s02,arc_right,64,True,False,True,
ridge_pass-s02,arc_right,128,True,False,False,
ridge_pass-s02,barrier,32,True,False,True,
ridge_pass-s02,barrier,64,True,False,True,
ridge_pass-s02,barrier,128,False,False,False,
ridge_pass-s02,fast_marching,32,True,True,True,0.0002441905584135961
ridge_pass-s02,fast_marching,64,True,True,True,6.461259999468737e-05
ridge_pass-s02,fast_marching,128,False,True,False,
ridge_pass-s02,straight,32,True,False,True,
ridge_pass-s02,straight,64,True,False,True,
ridge_pass-s02,straight,128,False,False,False,
ridge_pass-s03,arc_left,32,True,False,True,
ridge_pass-s03,arc_left,64,True,False,False,
ridge_pass-s03,arc_left,128,True,False,False,
ridge_pass-s03,arc_right,32,False,False,False,
ridge_pass-s03,arc_right,64,False,False,False,
ridge_pass-s03,arc_right,128,False,False,False,
ridge_pass-s03,barrier,32,True,True,True,-0.0009100444872999868
ridge_pass-s03,barrier,64,True,True,True,5.8691838510098186e-05
ridge_pass-s03,barrier,128,False,True,False,
ridge_pass-s03,fast_marching,32,True,True,True,0.00022404439471274956
ridge_pass-s03,fast_marching,64,True,True,True,5.8675395322445064e-05
ridge_pass-s03,fast_marching,128,False,True,False,
ridge_pass-s03,straight,32,True,True,True,-0.0009100529511815904
ridge_pass-s03,straight,64,True,True,True,5.8683374546501114e-05
ridge_pass-s03,straight,128,False,True,False,
ridge_pass-s04,arc_left,32,True,False,True,
ridge_pass-s04,arc_left,64,False,False,False,
ridge_pass-s04,arc_left,128,True,False,False,
ridge_pass-s04,arc_right,32,True,False,True,
ridge_pass-s04,arc_right,64,False,False,False,
ridge_pass-s04,arc_right,128,True,False,False,
ridge_pass-s04,barrier,32,True,True,True,5.380378254145881e-07
ridge_pass-s04,barrier,64,True,True,True,2.0469748623308312e-07
ridge_pass-s04,barrier,128,False,True,False,
ridge_pass-s04,fast_marching,32,True,True,True,5.506826844498622e-07
ridge_pass-s04,fast_marching,64,True,True,True,1.9965133076454025e-07
ridge_pass-s04,fast_marching,128,False,True,False,
ridge_pass-s04,straight,32,True,True,True,5.380378412123088e-07
ridge_pass-s04,straight,64,True,True,True,2.0472976097730078e-07
ridge_pass-s04,straight,128,False,True,False,
ridge_pass-s05,arc_left,32,True,False,True,
ridge_pass-s05,arc_left,64,True,False,True,
ridge_pass-s05,arc_left,128,False,False,False,
ridge_pass-s05,arc_right,32,True,False,True,
ridge_pass-s05,arc_right,64,True,False,False,
ridge_pass-s05,arc_right,128,True,False,False,
ridge_pass-s05,barrier,32,True,True,True,0.0005933853996661553
ridge_pass-s05,barrier,64,True,True,True,0.0001569507425369665
ridge_pass-s05,barrier,128,False,True,False,
ridge_pass-s05,fast_marching,32,True,True,True,0.0005933643241110336
ridge_pass-s05,fast_marching,64,True,True,True,0.00015695377054193878
ridge_pass-s05,fast_marching,128,False,True,False,
ridge_pass-s05,straight,32,True,False,True,
ridge_pass-s05,straight,64,True,False,False,
ridge_pass-s05,straight,128,False,False,False,
ridge_pass-s06,arc_left,32,True,False,False,
ridge_pass-s06,arc_left,64,True,False,True,
ridge_pass-s06,arc_left,128,True,False,False,
ridge_pass-s06,arc_right,32,True,False,True,
ridge_pass-s06,arc_right,64,False,False,False,
ridge_pass-s06,arc_right,128,False,False,False,
ridge_pass-s06,barrier,32,True,True,True,7.361715693675694e-05
ridge_pass-s06,barrier,64,True,True,True,1.929907671731999e-05
ridge_pass-s06,barrier,128,False,True,False,
ridge_pass-s06,fast_marching,32,True,True,True,7.510449706351114e-05
ridge_pass-s06,fast_marching,64,True,True,True,1.9299802323979508e-05
ridge_pass-s06,fast_marching,128,False,True,False,
ridge_pass-s06,straight,32,True,True,True,7.356725672456738e-05
ridge_pass-s06,straight,64,True,True,True,1.9307166983056675e-05
ridge_pass-s06,straight,128,False,True,False,
ridge_pass-s07,arc_left,32,True,True,True,0.0007747316363454556
ridge_pass-s07,arc_left,64,True,True,True,0.00020324402145151794
ridge_pass-s07,arc_left,128,False,True,False,
ridge_pass-s07,arc_right,32,True,False,True,
ridge_pass-s07,arc_right,64,True,False,False,
ridge_pass-s07,arc_right,128,True,False,False,
ridge_pass-s07,barrier,32,True,True,True,0.0007747252226307437
ridge_pass-s07,barrier,64,True,True,True,0.00020323804897151956
ridge_pass-s07,barrier,128,False,True,False,
ridge_pass-s07,fast_marching,32,True,True,True,0.0007747449103174106
ridge_pass-s07,fast_marching,64,True,True,True,0.00020327775931777413
ridge_pass-s07,fast_marching,128,False,True,False,
ridge_pass-s07,straight,32,True,False,True,
ridge_pass-s07,straight,64,False,False,False,
ridge_pass-s07,straight,128,True,False,False,
ridge_pass-s08,arc_left,32,True,True,True,0.0016080119767704875
ridge_pass-s08,arc_left,64,True,True,True,0.00042452763038093214
ridge_pass-s08,arc_left,128,False,True,False,
ridge_pass-s08,arc_right,32,True,False,False,
ridge_pass-s08,arc_right,64,True,True,False,
ridge_pass-s08,arc_right,128,True,True,False,
ridge_pass-s08,barrier,32,True,True,True,0.0016080066952220834
ridge_pass-s08,barrier,64,True,True,True,0.00042452597507594477
ridge_pass-s08,barrier,128,False,False,False,
ridge_pass-s08,fast_marching,32,True,True,True,0.0016079991226881976
ridge_pass-s08,fast_marching,64,True,True,True,0.00042455994705386916
ridge_pass-s08,fast_marching,128,False,True,False,
ridge_pass-s08,straight,32,True,False,False,
ridge_pass-s08,straight,64,True,False,False,
ridge_pass-s08,straight,128,True,False,False,
ridge_pass-s09,arc_left,32,True,False,False,
ridge_pass-s09,arc_left,64,True,False,False,
ridge_pass-s09,arc_left,128,True,False,False,
ridge_pass-s09,arc_right,32,True,False,True,
ridge_pass-s09,arc_right,64,False,False,False,
ridge_pass-s09,arc_right,128,False,False,False,
ridge_pass-s09,barrier,32,True,True,True,0.00014161521872888382
ridge_pass-s09,barrier,64,True,True,True,3.7130287731453984e-05
ridge_pass-s09,barrier,128,False,True,False,
ridge_pass-s09,fast_marching,32,True,True,True,0.00014162051002897678
ridge_pass-s09,fast_marching,64,True,True,True,3.7111064873805205e-05
ridge_pass-s09,fast_marching,128,False,True,False,
ridge_pass-s09,straight,32,True,True,True,0.0001416197683303931
ridge_pass-s09,straight,64,True,True,True,3.713002026090863e-05
ridge_pass-s09,straight,128,False,True,False,
ridge_pass-s10,arc_left,32,True,False,True,
ridge_pass-s10,arc_left,64,True,False,False,
ridge_pass-s10,arc_left,128,True,False,False,
ridge_pass-s10,arc_right,32,False,False,False,
ridge_pass-s10,arc_right,64,False,False,False,
ridge_pass-s10,arc_right,128,False,False,False,
ridge_pass-s10,barrier,32,True,True,True,0.0003971022995786968
ridge_pass-s10,barrier,64,True,True,True,0.00010432641244241134
ridge_pass-s10,barrier,128,False,True,False,
ridge_pass-s10,fast_marching,32,True,True,True,0.0003970985317821285
ridge_pass-s10,fast_marching,64,True,True,True,0.00010432541886777067
ridge_pass-s10,fast_marching,128,False,True,False,
ridge_pass-s10,straight,32,True,False,True,
ridge_pass-s10,straight,64,False,False,False,
ridge_pass-s10,straight,128,False,False,False,
ridge_pass-s11,arc_left,32,True,False,False,
ridge_pass-s11,arc_left,64,False,False,False,
ridge_pass-s11,arc_left,128,True,False,False,
ridge_pass-s11,arc_right,32,True,False,True,
ridge_pass-s11,arc_right,64,True,False,False,
ridge_pass-s11,arc_right,128,True,False,False,
ridge_pass-s11,barrier,32,True,True,True,9.264088941135021e-07
ridge_pass-s11,barrier,64,True,True,True,2.569646980912551e-06
ridge_pass-s11,barrier,128,True,True,True,9.235838501975473e-07
ridge_pass-s11,fast_marching,32,True,True,True,3.924307872149625e-09
ridge_pass-s11,fast_marching,64,True,True,True,7.019186303120821e-09
ridge_pass-s11,fast_marching,128,False,True,False,
ridge_pass-s11,straight,32,True,True,True,9.26408925717436e-07
ridge_pass-s11,straight,64,True,True,True,2.5696469967145178e-06
ridge_pass-s11,straight,128,True,True,True,9.235838501975473e-07
ridge_pass-s12,arc_left,32,True,True,True,0.0007528752177529946
ridge_pass-s12,arc_left,64,True,True,True,0.00019658905558248956
ridge_pass-s12,arc_left,128,False,True,False,
ridge_pass-s12,arc_right,32,True,False,False,
ridge_pass-s12,arc_right,64,True,False,False,
ridge_pass-s12,arc_right,128,True,False,False,
ridge_pass-s12,barrier,32,True,True,True,0.0007528666273108327
ridge_pass-s12,barrier,64,True,True,True,0.00019658651500661692
ridge_pass-s12,barrier,128,False,True,False,
ridge_pass-s12,fast_marching,32,True,True,True,0.0007528757404563994
ridge_pass-s12,fast_marching,64,True,True,True,0.00019659460303688564
ridge_pass-s12,fast_marching,128,False,True,False,
ridge_pass-s12,straight,32,True,False,True,
ridge_pass-s12,straight,64,False,False,False,
ridge_pass-s12,straight,128,True,False,False,
ridge_pass-s13,arc_left,32,True,True,True,0.0006072691440444652
ridge_pass-s13,arc_left,64,True,True,True,0.0001594103364010024
ridge_pass-s13,arc_left,128,False,True,False,
ridge_pass-s13,arc_right,32,True,False,True,
ridge_pass-s13,arc_right,64,True,False,False,
ridge_pass-s13,arc_right,128,True,False,False,
ridge_pass-s13,barrier,32,True,True,True,0.0006072862629518688
ridge_pass-s13,barrier,64,True,True,True,0.00015939731808673998
ridge_pass-s13,barrier,128,False,True,False,
ridge_pass-s13,fast_marching,32,True,True,True,0.0006072466184473913
ridge_pass-s13,fast_marching,64,True,True,True,0.0001593966531806961
ridge_pass-s13,fast_marching,128,False,True,False,
ridge_pass-s13,straight,32,True,False,True,
ridge_pass-s13,straight,64,False,False,False,
ridge_pass-s13,straight,128,False,False,False,
ridge_pass-s14,arc_left,32,True,False,True,
ridge_pass-s14,arc_left,64,True,False,False,
ridge_pass-s14,arc_left,128,True,False,False,
ridge_pass-s14,arc_right,32,True,False,True,
ridge_pass-s14,arc_right,64,False,False,False,
ridge_pass-s14,arc_right,128,True,False,False,
ridge_pass-s14,barrier,32,True,True,True,0.00011463049677456927
ridge_pass-s14,barrier,64,True,True,True,3.035957151664921e-05
ridge_pass-s14,barrier,128,False,True,False,
ridge_pass-s14,fast_marching,32,True,True,True,0.00011468114157037537
ridge_pass-s14,fast_marching,64,True,True,True,3.039117775581673e-05
ridge_pass-s14,fast_marching,128,False,True,False,
ridge_pass-s14,straight,32,True,True,True,0.00011463256245583131
ridge_pass-s14,straight,64,True,True,True,3.036349684948877e-05
ridge_pass-s14,straight,128,False,True,False,
ridge_pass-s15,arc_left,32,True,True,True,0.00033392592913151635
ridge_pass-s15,arc_left,64,True,True,True,8.738148439526027e-05
ridge_pass-s15,arc_left,128,False,True,False,
ridge_pass-s15,arc_right,32,True,False,False,
ridge_pass-s15,arc_right,64,True,False,False,
ridge_pass-s15,arc_right,128,True,False,False,
ridge_pass-s15,barrier,32,True,True,True,0.00033392118667471035
ridge_pass-s15,barrier,64,True,True,True,8.739573613310876e-05
ridge_pass-s15,barrier,128,False,True,False,
ridge_pass-s15,fast_marching,32,True,True,True,0.0003339253540736878
ridge_pass-s15,fast_marching,64,True,True,True,8.741738976770827e-05
ridge_pass-s15,fast_marching,128,False,True,False,
ridge_pass-s15,straight,32,True,False,True,
ridge_pass-s15,straight,64,True,False,True,
ridge_pass-s15,straight,128,True,False,False,
ridge_pass-s16,arc_left,32,True,False,True,
ridge_pass-s16,arc_left,64,True,False,False,
ridge_pass-s16,arc_left,128,True,False,False,
ridge_pass-s16,arc_right,32,True,False,True,
ridge_pass-s16,arc_right,64,False,False,False,
ridge_pass-s16,arc_right,128,False,False,False,
ridge_pass-s16,barrier,32,True,True,True,2.012434135622427e-05
ridge_pass-s16,barrier,64,True,True,True,5.298360975233936e-06
ridge_pass-s16,barrier,128,False,True,False,
ridge_pass-s16,fast_marching,32,True,True,True,2.0124588137034136e-05
ridge_pass-s16,fast_marching,64,True,True,True,5.303036952323953e-06
ridge_pass-s16,fast_marching,128,False,True,False,
ridge_pass-s16,straight,32,True,True,True,2.0146234587500402e-05
ridge_pass-s16,straight,64,True,True,True,5.298435102651825e-06
ridge_pass-s16,straight,128,False,True,False,
ridge_pass-s17,arc_left,32,True,False,True,
ridge_pass-s17,arc_left,64,False,False,False,
ridge_pass-s17,arc_left,128,True,False,False,
ridge_pass-s17,arc_right,32,False,False,False,
ridge_pass-s17,arc_right,64,False,False,False,
ridge_pass-s17,arc_right,128,False,False,False,
ridge_pass-s17,barrier,32,True,True,True,0.0007308755958207622
ridge_pass-s17,barrier,64,True,True,True,0.0001932556211262778
ridge_pass-s17,barrier,128,False,True,False,
ridge_pass-s17,fast_marching,32,True,True,True,0.0007308684387731128
ridge_pass-s17,fast_marching,64,True,True,True,0.00019327235238111583
ridge_pass-s17,fast_marching,128,False,True,False,
ridge_pass-s17,straight,32,True,False,True,
ridge_pass-s17,straight,64,True,False,True,
ridge_pass-s17,straight,128,False,False,False,
ridge_pass-s18,arc_left,32,True,False,True,
ridge_pass-s18,arc_left,64,True,False,True,
ridge_pass-s18,arc_left,128,False,False,False,
ridge_pass-s18,arc_right,32,True,False,True,
ridge_pass-s18,arc_right,64,True,False,False,
ridge_pass-s18,arc_right,128,True,False,False,
ridge_pass-s18,barrier,32,True,True,True,0.0001466874406453247
ridge_pass-s18,barrier,64,True,True,True,3.844951952145321e-05
ridge_pass-s18,barrier,128,False,True,False,
ridge_pass-s18,fast_marching,32,True,True,True,0.00014671669014511374
ridge_pass-s18,fast_marching,64,True,True,True,3.8465542427302e-05
ridge_pass-s18,fast_marching,128,False,True,False,
ridge_pass-s18,straight,32,True,True,True,0.0001467296706817957
ridge_pass-s18,straight,64,True,True,True,3.84437203408312e-05
ridge_pass-s18,straight,128,False,True,False,
ridge_pass-s19,arc_left,32,True,True,True,0.0009077790232039795
ridge_pass-s19,arc_left,64,True,True,True,0.00023805907904594307
ridge_pass-s19,arc_left,128,False,True,False,
ridge_pass-s19,arc_right,32,True,False,True,
ridge_pass-s19,arc_right,64,True,False,False,
ridge_pass-s19,arc_right,128,False,False,False,
ridge_pass-s19,barrier,32,True,True,True,0.0009077698572099527
ridge_pass-s19,barrier,64,True,True,True,0.0002380529136503897
ridge_pass-s19,barrier,128,False,True,False,
ridge_pass-s19,fast_marching,32,True,True,True,0.000907760924694539
ridge_pass-s19,fast_marching,64,True,True,True,0.00023806968153537698
ridge_pass-s19,fast_marching,128,False,True,False,
ridge_pass-s19,straight,32,True,False,True,
ridge_pass-s19,straight,64,True,False,False,
ridge_pass-s19,straight,128,True,False,False,
