experiment,family,contrast,method,initialization,interior_points,reference_grid_size,runs,feasible_runs,feasibility_rate,solver_success_rate,median_evaluated_cost_s,median_clearance_m,median_stationarity_norm,median_actual_interior_points,mean_reference_difference_percent,median_reference_difference_percent,bootstrap_95_low_percent,bootstrap_95_high_percent,median_runtime_s,reference_unresolved_runs,failure_modes,termination_modes
baseline,competing_corridors,,euler_lagrange,arc_left,128,,20,18,0.9,0.3,1614.5753441016855,67.75461171990696,3224.9393171948586,128.0,30.57696300161727,30.908176769890986,18.96787011105451,42.920238030286484,1.1248383865167852,0,stagnated:14; stationary:1,stagnated:14; stationary:6
baseline,competing_corridors,,euler_lagrange,arc_left,32,,20,16,0.8,0.2,1606.8751590186882,67.91110703865006,3193.6013564328405,32.0,30.083526336246614,29.607120857704995,17.757966836210787,44.91226069652276,0.9729266010108404,0,stagnated:16,stagnated:16; stationary:4
baseline,competing_corridors,,euler_lagrange,arc_left,64,,20,16,0.8,0.3,1574.274542783596,68.20034499192906,2844.325211004081,64.0,27.469962636638485,29.791768227152023,17.720392777168783,37.885655007865275,0.9718446860206313,0,stagnated:14; stationary:2,stagnated:14; stationary:6
baseline,competing_corridors,,euler_lagrange,arc_right,128,,20,20,1.0,1.0,1282.5248302175041,59.11855373609296,1.0154928501978174e-09,128.0,4.311245320225492,-0.012417967617192664,1.5025375153730995,7.545776361440832,1.0001763869950082,0,,stationary:20
baseline,competing_corridors,,euler_lagrange,arc_right,32,,20,20,1.0,1.0,1282.8889703473965,59.13915877326984,2.706434981728182e-10,32.0,4.341595718998823,0.010876426429352968,1.5309788861404148,7.57785384303137,0.8455324835376814,0,,stationary:20
baseline,competing_corridors,,euler_lagrange,arc_right,64,,20,20,1.0,1.0,1282.599111223838,59.11775216361919,5.533457469332931e-10,64.0,4.317425405302951,-0.00781116491516255,1.5083351570625474,7.552296364957326,0.9146283305017278,0,,stationary:20
baseline,competing_corridors,,euler_lagrange,barrier,128,,20,1,0.05,0.4,2017.712473231428,12.064410272094847,774.1569192471984,128.0,67.73553305796405,67.73553305796405,,,1.3126266875187866,0,stagnated:12; stationary:8,stagnated:12; stationary:8
baseline,competing_corridors,,euler_lagrange,barrier,32,,20,3,0.15,0.15,1515.977449306502,11.166696526787746,2979.2815367143344,32.0,24.541584663986196,28.571655562609056,7.557920816237356,37.49517761311217,1.077036227507051,0,stagnated:17; stationary:3,stagnated:17; stationary:3
baseline,competing_corridors,,euler_lagrange,barrier,64,,20,3,0.15,0.1,2009.4150601260867,14.739737762774256,2890.8142666854674,64.0,56.35869636706861,67.9921188171956,23.9716829693232,77.11228731468701,1.1317261479853187,0,stagnated:18; stationary:2,stagnated:18; stationary:2
baseline,competing_corridors,,euler_lagrange,fast_marching,128,,20,20,1.0,1.0,1230.213840437259,69.52811542072293,1.323942676205173e-09,128.0,-0.06380350834185879,-0.03642739389848046,-0.08491548730509711,-0.04315329582888759,5.190691802476067,0,,stationary:20
baseline,competing_corridors,,euler_lagrange,fast_marching,32,,20,20,1.0,1.0,1230.8830682965495,69.6508751158415,1.831715144906666e-10,32.0,-0.018884716950992697,0.0007560134739979456,-0.03212782893661508,-0.005864705983861067,5.098473401507363,0,,stationary:20
baseline,competing_corridors,,euler_lagrange,fast_marching,64,,20,20,1.0,1.0,1230.3435047323783,69.5484639421731,6.91410486851267e-10,64.0,-0.054943358654073446,-0.028886786140734318,-0.0741948102733774,-0.03576039623504699,5.073895622481359,0,,stationary:20
baseline,competing_corridors,,euler_lagrange,straight,128,,20,0,0.0,0.65,,,3.264425625861224e-09,128.0,,,,,1.1151092270156369,0,stagnated:7; stationary:13,stagnated:7; stationary:13
baseline,competing_corridors,,euler_lagrange,straight,32,,20,0,0.0,0.65,,,1.735930697299641e-09,32.0,,,,,0.8768885574827436,0,stagnated:7; stationary:13,stagnated:7; stationary:13
baseline,competing_corridors,,euler_lagrange,straight,64,,20,0,0.0,0.65,,,3.0114556320424035e-10,64.0,,,,,0.9633079030027147,0,iteration_limit:1; stagnated:6; stationary:13,iteration_limit:1; stagnated:6; stationary:13
baseline,competing_corridors,,fast_marching,fast_marching,,1025,20,20,1.0,1.0,1231.1882557431263,69.47474497370087,,,0.0,0.0,0.0,0.0,17.830271084501874,0,,converged:20
baseline,competing_corridors,,fast_marching,fast_marching,,257,20,20,1.0,1.0,1234.1629404991095,69.35179059744732,,,0.1886356979892245,0.12352565863330808,0.13258208236150043,0.24618843964452414,2.2394937929639127,0,,converged:20
baseline,competing_corridors,,fast_marching,fast_marching,,513,20,20,1.0,1.0,1232.298888583457,69.45926501124738,,,0.05802818834489385,0.0418992149621286,0.04169854262724814,0.07696050423843609,5.501202071493026,0,,converged:20
baseline,competing_corridors,,slsqp,arc_left,128,,20,0,0.0,0.0,,,,128.0,,,,,60.01362077501835,0,timeout:20,timeout:20
baseline,competing_corridors,,slsqp,arc_left,32,,20,20,1.0,0.0,1287.9122585903847,101.60581440644097,0.014002781195461396,32.0,2.93747597006762,0.685089003425353,1.2811979155115865,4.976575380475323,5.578303132526344,0,nonstationary:20,nonstationary:20
baseline,competing_corridors,,slsqp,arc_left,64,,20,20,1.0,0.0,1287.3915232125207,101.56975086738886,0.07906517541898653,64.0,2.891239992588496,0.6448411122674605,1.2348229166755276,4.930308784337728,30.45910527498927,0,nonstationary:20,nonstationary:20
baseline,competing_corridors,,slsqp,arc_right,128,,20,0,0.0,0.0,,,,128.0,,,,,60.0119741410017,0,timeout:20,timeout:20
baseline,competing_corridors,,slsqp,arc_right,32,,20,20,1.0,0.0,1282.9386036274323,59.11975325266699,0.04938554782629251,32.0,4.343843658007543,0.015443185301995812,1.533438898647421,7.5784553598707,5.370281862502452,0,nonstationary:20,nonstationary:20
baseline,competing_corridors,,slsqp,arc_right,64,,20,20,1.0,0.0,1282.6127153140583,59.11857010095916,0.07313125867002343,64.0,4.318096822053143,-0.006599674284560925,1.5090376754892745,7.552590796559596,28.578016329498496,0,nonstationary:20,nonstationary:20
baseline,competing_corridors,,slsqp,barrier,128,,20,0,0.0,0.0,,,,128.0,,,,,60.01286668697139,0,timeout:20,timeout:20
baseline,competing_corridors,,slsqp,barrier,32,,20,20,1.0,0.0,1287.9122584620013,101.60527089836312,0.022754273110232127,32.0,2.9374759749864707,0.6850889834963451,1.281197922655469,4.976575390984216,5.58637823650497,0,nonstationary:20,nonstationary:20
baseline,competing_corridors,,slsqp,barrier,64,,20,20,1.0,0.0,1287.3915235608856,101.56930515798065,0.12926027680261862,64.0,2.891240013366085,0.6448411239504059,1.2348229331807823,4.930308812082462,31.828616904997034,0,nonstationary:20,nonstationary:20
baseline,competing_corridors,,slsqp,fast_marching,128,,20,0,0.0,0.0,,,,128.0,,,,,60.014804671984166,0,timeout:20,timeout:20
baseline,competing_corridors,,slsqp,fast_marching,32,,20,20,1.0,0.0,1230.8437625218157,69.4968485484874,0.0129897185567171,32.0,-0.021561190494470577,0.0001727182990901819,-0.037213804261421284,-0.005995444230489779,8.415883661975386,0,nonstationary:20,nonstationary:20
baseline,competing_corridors,,slsqp,fast_marching,64,,20,20,1.0,0.0,1230.3435692298735,69.51636175840434,0.051577576397231484,64.0,-0.05509936626937571,-0.028360956215918387,-0.07502292787026932,-0.035461015381115284,26.60049590448034,0,nonstationary:20,nonstationary:20
baseline,competing_corridors,,slsqp,straight,128,,20,0,0.0,0.0,,,3226089.273631841,128.0,,,,,60.01218119400437,0,optimization_failed:2; timeout:18,optimization_failed:2; timeout:18
baseline,competing_corridors,,slsqp,straight,32,,20,17,0.85,0.0,1615.0188168193893,77.98813648399096,0.5828264399278584,32.0,41.44789601044666,32.06691265912064,25.406154835187966,60.80866546121504,18.247560478484957,0,nonstationary:1; optimization_failed:19,nonstationary:1; optimization_failed:19
baseline,competing_corridors,,slsqp,straight,64,,20,0,0.0,0.0,,,0.5167858984328086,64.0,,,,,60.010398155020084,0,optimization_failed:7; timeout:13,optimization_failed:7; timeout:13
baseline,correlated_roughness,,euler_lagrange,arc_left,128,,20,11,0.55,0.4,783.5726159059302,31.656616697677553,1325.6179473394413,128.0,33.335419747193,30.228855192103037,17.01463818346033,51.155586845000514,1.207575488515431,1,stagnated:12; stationary:4,stagnated:12; stationary:8
baseline,correlated_roughness,,euler_lagrange,arc_left,32,,20,11,0.55,0.2,871.0798681492197,32.2061819306499,1307.0054878819385,32.0,35.090092704601666,29.750140913211826,19.279695359316122,52.66082292935287,0.960414656001376,1,stagnated:16; stationary:1,stagnated:16; stationary:4
baseline,correlated_roughness,,euler_lagrange,arc_left,64,,20,11,0.55,0.35,772.6265533632194,17.852867340340843,1103.842806818347,64.0,35.861496322071076,40.47672287915418,18.649990803861293,53.7397630586877,1.0647650520259049,1,stagnated:13; stationary:4,stagnated:13; stationary:7
baseline,correlated_roughness,,euler_lagrange,arc_right,128,,20,12,0.6,0.4,937.8118242933942,56.8336007273966,335.28849903645437,128.0,45.27606545101947,43.32955820579866,35.21917018140818,55.01324750603365,1.3152300430228934,1,stagnated:12; stationary:4,stagnated:12; stationary:8
baseline,correlated_roughness,,euler_lagrange,arc_right,32,,20,12,0.6,0.25,926.1092805212859,57.39717165128759,597.4396262690133,32.0,41.4337258514838,36.73047420107797,28.720892485637126,52.85255446118896,0.9808566535066348,1,stagnated:15; stationary:1,stagnated:15; stationary:5
baseline,correlated_roughness,,euler_lagrange,arc_right,64,,20,12,0.6,0.4,925.8686100609426,58.54141635645243,402.996173787781,64.0,41.47704000940423,38.484505663108514,28.770339239475888,52.61966742119732,1.063256072520744,1,stagnated:12; stationary:3,stagnated:12; stationary:8
baseline,correlated_roughness,,euler_lagrange,barrier,128,,20,16,0.8,0.45,733.7541666000794,26.40554494720199,171.65324473089447,128.0,21.56135331999856,18.457335322096355,13.458965228205154,30.088967998036892,1.3068476785265375,1,stagnated:11; stationary:2,stagnated:11; stationary:9
baseline,correlated_roughness,,euler_lagrange,barrier,32,,20,17,0.85,0.5,743.2090893696159,21.478591605520183,23.703384245614807,32.0,20.80224363712525,18.93652014989612,12.682139854200308,29.32589300101865,1.0151954499888234,1,stagnated:10,stagnated:10; stationary:10
baseline,correlated_roughness,,euler_lagrange,barrier,64,,20,16,0.8,0.5,735.2110308489356,28.08449487180249,32.36065223432052,64.0,21.684126330239046,17.978529293778355,13.538048668824013,30.229755156583387,1.1156046569522005,1,stagnated:10; stationary:2,stagnated:10; stationary:10
baseline,correlated_roughness,,euler_lagrange,fast_marching,128,,20,13,0.65,1.0,609.2626381378764,35.413321826127465,1.144725716030782e-09,128.0,-0.058269860643202366,-0.047631735885486456,-0.08857353526627551,-0.03206058123262659,5.343474690016592,1,stationary:7,stationary:20
baseline,correlated_roughness,,euler_lagrange,fast_marching,32,,20,13,0.65,0.8,609.484669544709,34.76465190914515,7.496330591839154e-09,32.0,0.017784525042270977,0.0013080606063002233,-0.03780911037747039,0.07658296320586407,5.277874372986844,1,stagnated:4; stationary:7,stagnated:4; stationary:16
baseline,correlated_roughness,,euler_lagrange,fast_marching,64,,20,13,0.65,1.0,609.3079346901753,35.30777482536731,3.086156714924312e-09,64.0,-0.046646430304561885,-0.03817712791491381,-0.07902338092360361,-0.017972430971092083,5.229263140034163,1,stationary:7,stationary:20
baseline,correlated_roughness,,euler_lagrange,straight,128,,20,14,0.7,0.5,749.5875398045672,30.63189362055995,50.13686763628945,128.0,22.871223619839384,20.401035899207347,13.737233439899743,32.875045567348174,1.2701661350438371,1,stagnated:10; stationary:3,stagnated:10; stationary:10
baseline,correlated_roughness,,euler_lagrange,straight,32,,20,15,0.75,0.5,743.2090893696159,34.04589714908384,40.75046782188515,32.0,22.425004016062132,19.12812795130126,14.034451185629317,31.115139286764926,0.9217079974769149,1,stagnated:10; stationary:2,stagnated:10; stationary:10
baseline,correlated_roughness,,euler_lagrange,straight,64,,20,14,0.7,0.5,749.6960438532018,35.807193209461374,31.468432529751393,64.0,22.917318708443837,20.860291820934656,13.812199920026485,32.7704166327941,1.0429092859849334,1,stagnated:10; stationary:3,stagnated:10; stationary:10
baseline,correlated_roughness,,fast_marching,fast_marching,,1025,20,20,1.0,1.0,609.7583443116673,11.495325520547244,,,0.0,0.0,0.0,0.0,18.22101214149734,1,,converged:20
baseline,correlated_roughness,,fast_marching,fast_marching,,257,20,20,1.0,1.0,610.8790825095814,18.040004820533778,,,0.3433825735196178,0.27815761471591743,0.22151408235493544,0.4848617625805897,2.2878851364948787,1,,converged:20
baseline,correlated_roughness,,fast_marching,fast_marching,,513,20,20,1.0,1.0,610.1007869486585,17.727069531154243,,,0.10425950962226888,0.0808357033460894,0.07261632807224937,0.1443510613843764,5.64837962196907,1,,converged:20
baseline,correlated_roughness,,slsqp,arc_left,128,,20,0,0.0,0.0,,,,128.0,,,,,60.0130318729789,1,timeout:20,timeout:20
baseline,correlated_roughness,,slsqp,arc_left,32,,20,18,0.9,0.3,688.7279913195853,17.18473139418648,0.00927944488357959,32.0,14.373301706606576,9.254442763982194,8.262091304940636,22.094690875611537,6.3676694269815926,1,nonstationary:10; optimization_failed:3; timeout:1,converged:6; nonstationary:10; optimization_failed:3; timeout:1
baseline,correlated_roughness,,slsqp,arc_left,64,,20,16,0.8,0.4,688.1651998452089,9.756541756675578,0.03681488876565475,64.0,8.944588239504695,8.130758027559708,5.505807551480573,12.953322326397057,32.721982386981836,1,nonstationary:8; optimization_failed:1; timeout:3,converged:8; nonstationary:8; optimization_failed:1; timeout:3
baseline,correlated_roughness,,slsqp,arc_right,128,,20,0,0.0,0.0,,,,128.0,,,,,60.01285914349137,1,timeout:20,timeout:20
baseline,correlated_roughness,,slsqp,arc_right,32,,20,19,0.95,0.5,720.0510803518362,15.94116462775716,0.0003772648540956102,32.0,18.170130453612163,18.159240645330645,10.75717378940586,25.986468690697535,6.080671821517171,1,nonstationary:8; optimization_failed:1; timeout:1,converged:10; nonstationary:8; optimization_failed:1; timeout:1
baseline,correlated_roughness,,slsqp,arc_right,64,,20,17,0.85,0.3,713.5898878924669,7.768329681111482,0.001501034798684762,64.0,13.616360814166601,12.708993029522425,7.802093048183105,19.85910010593775,31.183397760498337,1,nonstationary:11; timeout:3,converged:6; nonstationary:11; timeout:3
baseline,correlated_roughness,,slsqp,barrier,128,,20,0,0.0,0.0,,,,128.0,,,,,60.014236398477806,1,timeout:20,timeout:20
baseline,correlated_roughness,,slsqp,barrier,32,,20,16,0.8,0.15,655.7982927595813,34.20281357130331,0.018048635413107347,32.0,5.221856502530484,0.2708884849706998,1.66064440180064,9.722990431962304,7.141964117006864,1,nonstationary:13; timeout:4,converged:3; nonstationary:13; timeout:4
baseline,correlated_roughness,,slsqp,barrier,64,,20,16,0.8,0.15,652.6307827682845,34.10251362703427,0.05372592296513816,64.0,5.029088847640005,0.2708884849706998,1.422122505254127,9.570683468308994,29.543914299982134,1,nonstationary:13; timeout:4,converged:3; nonstationary:13; timeout:4
baseline,correlated_roughness,,slsqp,fast_marching,128,,20,0,0.0,0.0,,,,128.0,,,,,60.0161822809896,1,timeout:20,timeout:20
baseline,correlated_roughness,,slsqp,fast_marching,32,,20,12,0.6,0.0,609.6137871979265,36.137066738993724,0.01093651751699827,32.0,-0.023937878711743563,-0.016827521805548393,-0.05987656070764938,0.010674354344755221,19.908947903488297,1,nonstationary:12; timeout:8,nonstationary:12; timeout:8
baseline,correlated_roughness,,slsqp,fast_marching,64,,20,12,0.6,0.0,609.451523795575,36.12974035284751,0.03429371734410882,64.0,-0.048492149018854284,-0.03099723572989995,-0.08189250761242951,-0.01931946823658653,28.190959582017967,1,nonstationary:12; timeout:8,nonstationary:12; timeout:8
baseline,correlated_roughness,,slsqp,straight,128,,20,0,0.0,0.0,,,,128.0,,,,,60.012894501996925,1,timeout:20,timeout:20
baseline,correlated_roughness,,slsqp,straight,32,,20,20,1.0,0.25,644.989537262341,28.744581590396894,0.014556004682524562,32.0,4.6491311632409245,0.978475109772986,1.8104251270901095,8.219153325232913,5.63549021948711,1,nonstationary:15,converged:5; nonstationary:15
baseline,correlated_roughness,,slsqp,straight,64,,20,20,1.0,0.2,641.6814728694153,28.561097569804815,0.04582740568196695,64.0,4.395470399070743,0.27088641667591157,1.563497968291705,8.002883664998919,29.408323629002552,1,nonstationary:16,converged:4; nonstationary:16
baseline,dead_ends,,euler_lagrange,arc_left,128,,20,0,0.0,0.6,,,8.75747271499925e-09,128.0,,,,,1.1791234235279262,0,stagnated:8; stationary:12,stagnated:8; stationary:12
baseline,dead_ends,,euler_lagrange,arc_left,32,,20,0,0.0,0.55,,,7.772182933245413e-09,32.0,,,,,0.9180860410269815,0,stagnated:9; stationary:11,stagnated:9; stationary:11
baseline,dead_ends,,euler_lagrange,arc_left,64,,20,0,0.0,0.55,,,3.169347714707412e-07,64.0,,,,,0.974097291007638,0,stagnated:9; stationary:11,stagnated:9; stationary:11
baseline,dead_ends,,euler_lagrange,arc_right,128,,20,0,0.0,0.55,,,4.5793706354089753e-07,128.0,,,,,1.2784434685017914,0,stagnated:9; stationary:11,stagnated:9; stationary:11
baseline,dead_ends,,euler_lagrange,arc_right,32,,20,0,0.0,0.5,,,802.310486741231,32.0,,,,,0.9443695435184054,0,stagnated:10; stationary:10,stagnated:10; stationary:10
baseline,dead_ends,,euler_lagrange,arc_right,64,,20,0,0.0,0.5,,,261.5938615215152,64.0,,,,,1.035589204489952,0,stagnated:10; stationary:10,stagnated:10; stationary:10
baseline,dead_ends,,euler_lagrange,barrier,128,,20,12,0.6,0.0,1786.1909950116851,3.4894404621888953,7236.866008289553,128.0,90.9167325479451,90.06576057782125,84.763026330162,97.1714255194073,1.3205433495168108,0,stagnated:20,stagnated:20
baseline,dead_ends,,euler_lagrange,barrier,32,,20,20,1.0,0.7,956.7455928333462,77.82744240301429,6.2220609882803e-08,32.0,10.240049902597079,0.018089723201484942,3.4957686074436674,17.423558182226312,0.8721934010100085,0,stagnated:6,stagnated:6; stationary:14
baseline,dead_ends,,euler_lagrange,barrier,64,,20,15,0.75,0.0,1411.3333832862402,10.622349591197803,6991.685530480749,64.0,56.338797109518254,50.96039119205299,46.42076509468271,69.54439976003565,1.0939188639749773,0,stagnated:20,stagnated:20
baseline,dead_ends,,euler_lagrange,fast_marching,128,,20,20,1.0,1.0,932.0060553430147,78.48403142553394,1.852936905699027e-07,128.0,-0.013729508778407973,-0.011775823812909427,-0.015347084033550848,-0.012206319168553323,5.201617446989985,0,,stationary:20
baseline,dead_ends,,euler_lagrange,fast_marching,32,,20,20,1.0,1.0,932.2628857953196,77.82744240313349,1.2426071837285351e-07,32.0,0.01382535488166321,0.013903375184102605,0.01212549510000841,0.01558047499401734,5.100239340012195,0,,stationary:20
baseline,dead_ends,,euler_lagrange,fast_marching,64,,20,20,1.0,1.0,932.0576054911633,78.35641619664028,2.9077352457460494e-07,64.0,-0.008194077498247587,-0.005930692573856968,-0.00978645279944061,-0.006686104543062336,5.0878880954987835,0,,stationary:20
baseline,dead_ends,,euler_lagrange,straight,128,,20,0,0.0,1.0,,,1.6685151405237745e-07,128.0,,,,,1.0096617120143492,0,stationary:20,stationary:20
baseline,dead_ends,,euler_lagrange,straight,32,,20,0,0.0,1.0,,,1.3047984396726028e-10,32.0,,,,,0.8446404704882298,0,stationary:20,stationary:20
baseline,dead_ends,,euler_lagrange,straight,64,,20,0,0.0,1.0,,,1.339139720091786e-07,64.0,,,,,0.9156047955038957,0,stationary:20,stationary:20
baseline,dead_ends,,fast_marching,fast_marching,,1025,20,20,1.0,1.0,932.1749146536587,78.81851956577003,,,0.0,0.0,0.0,0.0,18.136146896518767,0,,converged:20
baseline,dead_ends,,fast_marching,fast_marching,,257,20,20,1.0,1.0,932.9739056188131,79.5874112825393,,,0.05869335623029247,0.0454705926715962,0.04995778959414032,0.06798021431215191,2.3371578295191284,0,,converged:20
baseline,dead_ends,,fast_marching,fast_marching,,513,20,20,1.0,1.0,932.303196928531,79.12090725485442,,,0.02475911472469225,0.026872315159145142,0.020679899317327523,0.02868985682274307,5.635936943494016,0,,converged:20
baseline,dead_ends,,slsqp,arc_left,128,,20,0,0.0,0.0,,,0.9033550243024862,128.0,,,,,60.01241783448495,0,optimization_failed:6; timeout:14,optimization_failed:6; timeout:14
baseline,dead_ends,,slsqp,arc_left,32,,20,14,0.7,0.0,966.5055376561622,77.34060538279884,0.08280733080058644,32.0,39.10047608511592,0.021149441445880546,9.772726747761109,76.04641022987984,16.739185391488718,0,nonstationary:8; optimization_failed:12,nonstationary:8; optimization_failed:12
baseline,dead_ends,,slsqp,arc_left,64,,20,0,0.0,0.0,,,0.517772357590409,64.0,,,,,60.00979554004152,0,optimization_failed:9; timeout:11,optimization_failed:9; timeout:11
baseline,dead_ends,,slsqp,arc_right,128,,20,0,0.0,0.0,,,0.7041859632365157,128.0,,,,,60.010703506006394,0,optimization_failed:8; timeout:12,optimization_failed:8; timeout:12
baseline,dead_ends,,slsqp,arc_right,32,,20,11,0.55,0.0,984.6836072521811,77.47774356028852,0.0660553153380847,32.0,45.90300357400446,2.3975367134030443,1.3044684583695478,126.91945692690318,16.77479667699663,0,nonstationary:7; optimization_failed:13,nonstationary:7; optimization_failed:13
baseline,dead_ends,,slsqp,arc_right,64,,20,0,0.0,0.0,,,0.6082985612324773,64.0,,,,,60.00968538198504,0,optimization_failed:9; timeout:11,optimization_failed:9; timeout:11
baseline,dead_ends,,slsqp,barrier,128,,20,0,0.0,0.0,,,,128.0,,,,,60.012915483501274,0,timeout:20,timeout:20
baseline,dead_ends,,slsqp,barrier,32,,20,20,1.0,0.0,932.2762882298741,78.14551934466112,0.02295192544316048,32.0,0.015325592396054799,0.015217101702096902,0.013615041614930164,0.017138642338276545,4.990071843989426,0,nonstationary:20,nonstationary:20
baseline,dead_ends,,slsqp,barrier,64,,20,20,1.0,0.0,932.0626215031905,78.43656475300222,0.08129390260400679,64.0,-0.007645845906353957,-0.005409564032866425,-0.009238010068841822,-0.006128102929728639,33.37787632751861,0,nonstationary:20,nonstationary:20
baseline,dead_ends,,slsqp,fast_marching,128,,20,0,0.0,0.0,,,,128.0,,,,,60.01469044704572,0,timeout:20,timeout:20
baseline,dead_ends,,slsqp,fast_marching,32,,20,20,1.0,0.0,932.2762881780603,78.14545483996221,0.011683700330416519,32.0,0.01532558233415902,0.015217095890435718,0.013615035417554504,0.017138632401689634,8.278984085016418,0,nonstationary:20,nonstationary:20
baseline,dead_ends,,slsqp,fast_marching,64,,20,20,1.0,0.0,932.0626215695927,78.43686250647437,0.05256789097253693,64.0,-0.007645856764117208,-0.005409598526268104,-0.009238023650778028,-0.0061281212911380445,26.009377189009683,0,nonstationary:20,nonstationary:20
baseline,dead_ends,,slsqp,straight,128,,20,0,0.0,0.0,,,,128.0,,,,,60.01273542048875,0,timeout:20,timeout:20
baseline,dead_ends,,slsqp,straight,32,,20,1,0.05,0.0,1026.9050909601292,86.13631901511496,0.03365278594141946,32.0,7.884638540997594,7.884638540997594,,,21.038619923987426,0,optimization_failed:20,optimization_failed:20
baseline,dead_ends,,slsqp,straight,64,,20,0,0.0,0.0,,,0.403328002300952,64.0,,,,,60.01053847299772,0,optimization_failed:3; timeout:17,optimization_failed:3; timeout:17
baseline,ridge_pass,,euler_lagrange,arc_left,128,,20,7,0.35,0.35,747.3546968489233,60.405611000331845,437.3546022861566,128.0,-0.06147816569683654,-0.06101640196901374,-0.06284987093333001,-0.06003956730069216,1.1059765144891571,0,stagnated:13,stagnated:13; stationary:7
baseline,ridge_pass,,euler_lagrange,arc_left,32,,20,7,0.35,0.35,747.3829179160812,60.43605502590813,431.07308458355516,32.0,-0.057914161561417876,-0.057562330799707725,-0.059508512786626354,-0.05628364569380373,0.8802954030106775,0,stagnated:13,stagnated:13; stationary:7
baseline,ridge_pass,,euler_lagrange,arc_left,64,,20,7,0.35,0.35,747.3604844487681,60.3792223705643,399.04790492488166,64.0,-0.06074748200104806,-0.059807389977803806,-0.06209347134198008,-0.05933739672222179,1.000457963498775,0,stagnated:13,stagnated:13; stationary:7
baseline,ridge_pass,,euler_lagrange,arc_right,128,,20,1,0.05,0.05,757.046884519588,53.368991130269904,483.10242828314654,128.0,-0.06101640196901374,-0.06101640196901374,,,1.2493722400104161,0,stagnated:19,stagnated:19; stationary:1
baseline,ridge_pass,,euler_lagrange,arc_right,32,,20,0,0.0,0.0,,,491.36809526957586,32.0,,,,,0.9576047775044572,0,stagnated:20,stagnated:20
baseline,ridge_pass,,euler_lagrange,arc_right,64,,20,1,0.05,0.05,757.0560428953104,53.3340226826301,475.3679125265443,64.0,-0.05980738997805894,-0.05980738997805894,,,1.0448460044863168,0,stagnated:19,stagnated:19; stationary:1
baseline,ridge_pass,,euler_lagrange,barrier,128,,20,18,0.9,0.9,731.0846107279156,67.24375557737454,1.2440077140258277e-09,128.0,-0.05907346267972949,-0.05961638897512855,-0.060839591024084205,-0.05717176898643853,0.9859602120122872,0,stagnated:2,stagnated:2; stationary:18
baseline,ridge_pass,,euler_lagrange,barrier,32,,20,19,0.95,0.95,732.8610606328953,65.40068227381666,2.2625380928567794e-09,32.0,-0.057224110421314645,-0.057280267802708444,-0.05893764776194365,-0.055353946128452694,0.86107428901596,0,stagnated:1,stagnated:1; stationary:19
baseline,ridge_pass,,euler_lagrange,barrier,64,,20,19,0.95,0.95,732.850284658992,65.47954214256752,1.5997970940173212e-09,64.0,-0.058775647203436455,-0.059419463127227394,-0.06037614567068026,-0.056870886161217764,0.8907112474844325,0,stagnated:1,stagnated:1; stationary:19
baseline,ridge_pass,,euler_lagrange,fast_marching,128,,20,20,1.0,1.0,731.0846107279156,65.27614163262605,1.1355746146167222e-09,128.0,-0.058992220785257246,-0.05961638897512855,-0.06062548957973111,-0.057166591265903066,5.079762354493141,0,,stationary:20
baseline,ridge_pass,,euler_lagrange,fast_marching,32,,20,20,1.0,1.0,731.0958342333795,65.21153204772136,7.538994184855339e-10,32.0,-0.05708461182331602,-0.05727404929718788,-0.05871784730619426,-0.05524475110459289,4.9681416639941745,0,,stationary:20
baseline,ridge_pass,,euler_lagrange,fast_marching,64,,20,20,1.0,1.0,731.0869136032343,65.26311805067112,4.338423752544049e-10,64.0,-0.0586011819475656,-0.05917663323450291,-0.06018431539844724,-0.05679612201986548,4.850211530487286,0,,stationary:20
baseline,ridge_pass,,euler_lagrange,straight,128,,20,9,0.45,0.45,722.7878144992167,75.51977996438015,228.9760098945501,128.0,-0.05888768332693228,-0.058084169551409374,-0.06060957874407013,-0.057341805199428816,1.1672665249789134,0,stagnated:11,stagnated:11; stationary:9
baseline,ridge_pass,,euler_lagrange,straight,32,,20,9,0.45,0.45,722.7909568518955,75.45926472915276,210.29597452242595,32.0,-0.058349905056930225,-0.057280267802708444,-0.060176949802519066,-0.056726451951298384,0.9215736929909326,0,stagnated:11,stagnated:11; stationary:9
baseline,ridge_pass,,euler_lagrange,straight,64,,20,9,0.45,0.45,722.7884596914238,75.50744426299076,231.17499868802213,64.0,-0.058777303110569695,-0.05791910936597841,-0.06051333962610357,-0.05722535762854031,0.9911930054950062,0,stagnated:11,stagnated:11; stationary:9
baseline,ridge_pass,,fast_marching,fast_marching,,1025,20,20,1.0,1.0,731.4785040715269,65.19632216206844,,,0.0,0.0,0.0,0.0,17.4666178675252,0,,converged:20
baseline,ridge_pass,,fast_marching,fast_marching,,257,20,20,1.0,1.0,732.6024579901177,65.02032210714373,,,0.16343902563206852,0.16391638708975598,0.15867003913443525,0.16835435848869573,2.153181883477373,0,,converged:20
baseline,ridge_pass,,fast_marching,fast_marching,,513,20,20,1.0,1.0,731.92373379681,65.19505278432052,,,0.0589105488705177,0.05775036718524358,0.0563352772981707,0.061418152363375465,5.364961564511759,0,,converged:20
baseline,ridge_pass,,slsqp,arc_left,128,,20,0,0.0,0.0,,,0.8720261432869532,128.0,,,,,46.96696378249908,0,optimization_failed:11; timeout:9,optimization_failed:11; timeout:9
baseline,ridge_pass,,slsqp,arc_left,32,,20,15,0.75,0.0,747.389702501433,60.59977329624685,0.05011824915131191,32.0,1.858214164649525,-0.05574141380695638,0.4170809556666294,3.7653669807020447,6.057611035503214,0,nonstationary:11; optimization_failed:9,nonstationary:11; optimization_failed:9
baseline,ridge_pass,,slsqp,arc_left,64,,20,10,0.5,0.0,745.5823312446566,60.543151091469355,0.1362065093805767,64.0,1.363497699089601,-0.0592660186480993,-0.06131727340205557,4.211489822514215,28.28476717750891,0,nonstationary:9; optimization_failed:7; timeout:4,nonstationary:9; optimization_failed:7; timeout:4
baseline,ridge_pass,,slsqp,arc_right,128,,20,0,0.0,0.0,,,0.9455963782087491,128.0,,,,,36.0077582524973,0,optimization_failed:12; timeout:8,optimization_failed:12; timeout:8
baseline,ridge_pass,,slsqp,arc_right,32,,20,14,0.7,0.0,730.8139113671759,62.68340267903986,0.09453502912316009,32.0,0.5038621281593496,-0.05882252309863742,-0.05918472067488479,1.4384476297298479,15.255412658501882,0,nonstationary:12; optimization_failed:5; timeout:3,nonstationary:12; optimization_failed:5; timeout:3
baseline,ridge_pass,,slsqp,arc_right,64,,20,3,0.15,0.0,729.5856831041032,72.13470573106656,0.826164381995474,64.0,3.4487244755869497,0.43914592007285025,-0.05971022283386618,9.966737729521865,49.26894955598982,0,nonstationary:1; optimization_failed:11; timeout:8,nonstationary:1; optimization_failed:11; timeout:8
baseline,ridge_pass,,slsqp,barrier,128,,20,1,0.05,0.0,719.4473909028218,69.97389557803828,0.2445063196411507,128.0,-0.06440214106743714,-0.06440214106743714,,,60.01255847452558,0,nonstationary:1; timeout:19,nonstationary:1; timeout:19
baseline,ridge_pass,,slsqp,barrier,32,,20,20,1.0,0.0,731.0939707209461,65.23283699024961,0.03780964515808531,32.0,-0.05674958007125611,-0.0571836677637036,-0.05843271216822069,-0.05492075923385699,4.440940910979407,0,nonstationary:20,nonstationary:20
baseline,ridge_pass,,slsqp,barrier,64,,20,20,1.0,0.0,731.0875099081376,65.26235577574707,0.04188849783310842,64.0,-0.05848452209088486,-0.058997705271582976,-0.06006540176312154,-0.0566870341261068,24.331713875522837,0,nonstationary:20,nonstationary:20
baseline,ridge_pass,,slsqp,fast_marching,128,,20,0,0.0,0.0,,,,128.0,,,,,60.01567098603118,0,timeout:20,timeout:20
baseline,ridge_pass,,slsqp,fast_marching,32,,20,20,1.0,0.0,731.0981063358083,65.23185359793936,0.02339827401632011,32.0,-0.05664129343908288,-0.05718366303707684,-0.05836673005315738,-0.054799558646169595,8.213874761480838,0,nonstationary:20,nonstationary:20
baseline,ridge_pass,,slsqp,fast_marching,64,,20,20,1.0,0.0,731.0875098445348,65.26159197422842,0.04079425569281815,64.0,-0.05848464639845323,-0.05899770365034859,-0.0600655272266601,-0.05668703091096677,26.44119245899492,0,nonstationary:20,nonstationary:20
baseline,ridge_pass,,slsqp,straight,128,,20,1,0.05,0.0,719.4473909028218,69.97389557803058,1.0000020503496478,128.0,-0.06440214106743714,-0.06440214106743714,,,60.01253109402023,0,nonstationary:1; optimization_failed:6; timeout:13,nonstationary:1; optimization_failed:6; timeout:13
baseline,ridge_pass,,slsqp,straight,32,,20,18,0.9,0.0,728.1287188649828,67.69896294558791,0.12203153807569712,32.0,2.1540562858488306,-0.0558342147171801,-0.038376585960932484,6.271913244203359,6.386281890008831,0,nonstationary:14; optimization_failed:6,nonstationary:14; optimization_failed:6
baseline,ridge_pass,,slsqp,straight,64,,20,12,0.6,0.0,725.9215414315445,73.48336050969803,0.09830877906955968,64.0,-0.05759499755610469,-0.057575939037802074,-0.05950410649956977,-0.05537928690525675,24.889269349485403,0,nonstationary:12; optimization_failed:4; timeout:4,nonstationary:12; optimization_failed:4; timeout:4
contrast_sweep,competing_corridors,0.0,euler_lagrange,arc_left,64,,1,0,0.0,1.0,,,1.7697741698074985e-10,64.0,,,,,0.7948233620263636,1,stationary:1,stationary:1
contrast_sweep,competing_corridors,0.0,euler_lagrange,arc_right,64,,1,0,0.0,1.0,,,1.7825882673302995e-10,64.0,,,,,0.7966747459722683,1,stationary:1,stationary:1
contrast_sweep,competing_corridors,0.0,euler_lagrange,barrier,64,,1,0,0.0,1.0,,,1.6223112771375309e-10,64.0,,,,,0.9301208319957368,1,stationary:1,stationary:1
contrast_sweep,competing_corridors,0.0,euler_lagrange,fast_marching,64,,1,0,0.0,1.0,,,1.7664832201061426e-10,64.0,,,,,7.345849156030454,1,stationary:1,stationary:1
contrast_sweep,competing_corridors,0.0,euler_lagrange,straight,64,,1,0,0.0,1.0,,,3.36079329365866e-10,64.0,,,,,0.8272142900386825,1,stationary:1,stationary:1
contrast_sweep,competing_corridors,0.0,fast_marching,fast_marching,,513,1,1,1.0,1.0,719.4720234446595,2.26562515903413,,,,,,,7.00725910597248,1,,converged:1
contrast_sweep,competing_corridors,0.0,slsqp,arc_left,64,,1,1,1.0,1.0,720.1983451657027,6.773440508626778,0.0002693517100433542,64.0,,,,,28.8370156409801,1,,converged:1
contrast_sweep,competing_corridors,0.0,slsqp,arc_right,64,,1,1,1.0,1.0,731.7387882270116,6.129212333440969,0.00013864090013957102,64.0,,,,,27.754127888008952,1,,converged:1
contrast_sweep,competing_corridors,0.0,slsqp,barrier,64,,1,1,1.0,1.0,720.1983471765105,6.773420583636457,2.882064729687834e-05,64.0,,,,,25.387447757995687,1,,converged:1
contrast_sweep,competing_corridors,0.0,slsqp,fast_marching,64,,1,0,0.0,0.0,,,,64.0,,,,,60.018124472000636,1,timeout:1,timeout:1
contrast_sweep,competing_corridors,0.0,slsqp,straight,64,,1,0,0.0,0.0,,,,64.0,,,,,60.00814829597948,1,timeout:1,timeout:1
contrast_sweep,competing_corridors,1.0,euler_lagrange,arc_left,64,,1,1,1.0,1.0,1209.3522289331481,103.90133558741152,3.5181603040439516e-08,64.0,,,,,0.9462895839824341,1,,stationary:1
contrast_sweep,competing_corridors,1.0,euler_lagrange,arc_right,64,,1,1,1.0,1.0,1284.0357102958596,74.41621351388464,1.1018484138609991e-09,64.0,,,,,0.8800798309966922,1,,stationary:1
contrast_sweep,competing_corridors,1.0,euler_lagrange,barrier,64,,1,0,0.0,0.0,,,989.0413815092107,64.0,,,,,1.0809087590314448,1,stagnated:1,stagnated:1
contrast_sweep,competing_corridors,1.0,euler_lagrange,fast_marching,64,,1,1,1.0,1.0,1209.3522289331493,103.9013355874117,2.796242243977787e-10,64.0,,,,,4.941542729968205,1,,stationary:1
contrast_sweep,competing_corridors,1.0,euler_lagrange,straight,64,,1,0,0.0,0.0,,,392.3147919807707,64.0,,,,,4.443874677992426,1,iteration_limit:1,iteration_limit:1
contrast_sweep,competing_corridors,1.0,fast_marching,fast_marching,,513,1,1,1.0,1.0,1211.3227593997722,103.22590032348121,,,,,,,5.428561412030831,1,,converged:1
contrast_sweep,competing_corridors,1.0,slsqp,arc_left,64,,1,1,1.0,0.0,1209.3420850985885,103.92685366829491,0.06429447962784884,64.0,,,,,29.031187599990517,1,nonstationary:1,nonstationary:1
contrast_sweep,competing_corridors,1.0,slsqp,arc_right,64,,1,1,1.0,0.0,1284.0404477785498,74.43245588425933,0.1603280903235029,64.0,,,,,27.312118610017933,1,nonstationary:1,nonstationary:1
contrast_sweep,competing_corridors,1.0,slsqp,barrier,64,,1,1,1.0,0.0,1209.342085207882,103.92683229460516,0.12173238937420316,64.0,,,,,29.067291320010554,1,nonstationary:1,nonstationary:1
contrast_sweep,competing_corridors,1.0,slsqp,fast_marching,64,,1,1,1.0,0.0,1209.3420852158545,103.9264075563856,0.06905767280403818,64.0,,,,,25.99426482000854,1,nonstationary:1,nonstationary:1
contrast_sweep,competing_corridors,1.0,slsqp,straight,64,,1,0,0.0,0.0,,,,64.0,,,,,60.00997816800373,1,timeout:1,timeout:1
contrast_sweep,competing_corridors,2.0,euler_lagrange,arc_left,64,,1,1,1.0,0.0,2889.1996992992704,101.37591995742768,4396.577135119413,64.0,,,,,1.1024836520082317,1,stagnated:1,stagnated:1
contrast_sweep,competing_corridors,2.0,euler_lagrange,arc_right,64,,1,1,1.0,1.0,2113.5580691796845,82.50127994135148,1.983674260287593e-10,64.0,,,,,0.971630931016989,1,,stationary:1
contrast_sweep,competing_corridors,2.0,euler_lagrange,barrier,64,,1,1,1.0,0.0,4398.269390666542,24.32340713828614,6160.5783619242475,64.0,,,,,1.9918134250328876,1,stagnated:1,stagnated:1
contrast_sweep,competing_corridors,2.0,euler_lagrange,fast_marching,64,,1,1,1.0,1.0,1944.4648168139759,104.53047618787001,2.8189145971289557e-10,64.0,,,,,5.297281162987929,1,,stationary:1
contrast_sweep,competing_corridors,2.0,euler_lagrange,straight,64,,1,0,0.0,1.0,,,3.573720829652641e-10,64.0,,,,,1.0864566199597903,1,stationary:1,stationary:1
contrast_sweep,competing_corridors,2.0,fast_marching,fast_marching,,513,1,1,1.0,1.0,1952.543278068322,103.58305395727619,,,,,,,5.581197971012443,1,,converged:1
contrast_sweep,competing_corridors,2.0,slsqp,arc_left,64,,1,1,1.0,0.0,1944.0752139650251,104.44353748942812,0.10921266229638851,64.0,,,,,39.434913004981354,1,nonstationary:1,nonstationary:1
contrast_sweep,competing_corridors,2.0,slsqp,arc_right,64,,1,1,1.0,0.0,2113.5163900702264,82.53440700354001,0.21688506016066234,64.0,,,,,29.095847169985063,1,nonstationary:1,nonstationary:1
contrast_sweep,competing_corridors,2.0,slsqp,barrier,64,,1,1,1.0,0.0,1944.0752137952109,104.44319137877555,0.11905875401515392,64.0,,,,,37.41985925496556,1,nonstationary:1,nonstationary:1
contrast_sweep,competing_corridors,2.0,slsqp,fast_marching,64,,1,1,1.0,0.0,1944.075213440724,104.44326066890137,0.07343785037033054,64.0,,,,,27.05490871000802,1,nonstationary:1,nonstationary:1
contrast_sweep,competing_corridors,2.0,slsqp,straight,64,,1,0,0.0,0.0,,,,64.0,,,,,60.011421644012444,1,timeout:1,timeout:1
contrast_sweep,competing_corridors,4.0,euler_lagrange,arc_left,64,,1,1,1.0,0.0,19886.93091745633,48.33459793267448,7472.804824736782,64.0,,,,,1.1599010030040517,1,stagnated:1,stagnated:1
contrast_sweep,competing_corridors,4.0,euler_lagrange,arc_right,64,,1,1,1.0,1.0,7231.339123010626,84.17526975748343,2.2388590177403193e-10,64.0,,,,,2.5050179999670945,1,,stationary:1
contrast_sweep,competing_corridors,4.0,euler_lagrange,barrier,64,,1,1,1.0,0.0,31273.055590118933,12.271968215092215,12687.91622326181,64.0,,,,,1.048558595997747,1,stagnated:1,stagnated:1
contrast_sweep,competing_corridors,4.0,euler_lagrange,fast_marching,64,,1,1,1.0,1.0,7231.339123010626,84.17526975748343,2.2909301164449898e-10,64.0,,,,,5.670761711022351,1,,stationary:1
contrast_sweep,competing_corridors,4.0,euler_lagrange,straight,64,,1,0,0.0,0.0,,,3657.8609660318566,64.0,,,,,1.2920952279819176,1,stagnated:1,stagnated:1
contrast_sweep,competing_corridors,4.0,fast_marching,fast_marching,,513,1,1,1.0,1.0,7267.2464278733205,83.15891305855261,,,,,,,5.701681383012328,1,,converged:1
contrast_sweep,competing_corridors,4.0,slsqp,arc_left,64,,1,1,1.0,0.0,8442.46920811005,103.89782879321758,0.036686615574864946,64.0,,,,,56.91883559001144,1,nonstationary:1,nonstationary:1
contrast_sweep,competing_corridors,4.0,slsqp,arc_right,64,,1,1,1.0,0.0,7227.0539595159025,83.92642365595611,0.0932223866347698,64.0,,,,,40.83120906498516,1,nonstationary:1,nonstationary:1
contrast_sweep,competing_corridors,4.0,slsqp,barrier,64,,1,1,1.0,0.0,8442.46920889492,103.89831733541529,0.01752637083881258,64.0,,,,,55.841321290005,1,nonstationary:1,nonstationary:1
contrast_sweep,competing_corridors,4.0,slsqp,fast_marching,64,,1,1,1.0,0.0,7227.05395907788,83.92693904082121,0.05767755903817166,64.0,,,,,28.87859113595914,1,nonstationary:1,nonstationary:1
contrast_sweep,competing_corridors,4.0,slsqp,straight,64,,1,0,0.0,0.0,,,,64.0,,,,,60.01228809397435,1,timeout:1,timeout:1
contrast_sweep,correlated_roughness,0.0,euler_lagrange,arc_left,64,,1,1,1.0,1.0,703.9999999999999,80.56733592977639,1.7697741698074985e-10,64.0,,,,,0.8035165739711374,1,,stationary:1
contrast_sweep,correlated_roughness,0.0,euler_lagrange,arc_right,64,,1,1,1.0,1.0,703.9999999999999,80.56733592977729,1.7825882673302995e-10,64.0,,,,,0.822749286016915,1,,stationary:1
contrast_sweep,correlated_roughness,0.0,euler_lagrange,barrier,64,,1,1,1.0,1.0,703.9999999999999,80.56733592977685,1.2993844859711602e-10,64.0,,,,,0.8133524389704689,1,,stationary:1
contrast_sweep,correlated_roughness,0.0,euler_lagrange,fast_marching,64,,1,1,1.0,1.0,703.9999999999999,80.56733592977685,1.1155431221307115e-10,64.0,,,,,4.9870211409870535,1,,stationary:1
contrast_sweep,correlated_roughness,0.0,euler_lagrange,straight,64,,1,1,1.0,1.0,704.0000000000001,80.56733592977685,3.36079329365866e-10,64.0,,,,,0.793189145042561,1,,stationary:1
contrast_sweep,correlated_roughness,0.0,fast_marching,fast_marching,,513,1,1,1.0,1.0,704.8265048019582,80.5661371722521,,,,,,,5.336312673985958,1,,converged:1
contrast_sweep,correlated_roughness,0.0,slsqp,arc_left,64,,1,1,1.0,1.0,750.4723508197109,7.086035780842588,1.7170749496487636e-05,64.0,,,,,26.33479111798806,1,,converged:1
contrast_sweep,correlated_roughness,0.0,slsqp,arc_right,64,,1,1,1.0,0.0,704.0000000848125,80.56765017254719,0.07555131886107086,64.0,,,,,27.829608177999035,1,nonstationary:1,nonstationary:1
contrast_sweep,correlated_roughness,0.0,slsqp,barrier,64,,1,1,1.0,1.0,703.9999999999999,80.56733592977685,1.476719836221759e-14,64.0,,,,,1.7279687219997868,1,,converged:1
contrast_sweep,correlated_roughness,0.0,slsqp,fast_marching,64,,1,1,1.0,0.0,704.0000006826581,80.56812627641044,0.1537311280401215,64.0,,,,,25.522113329032436,1,nonstationary:1,nonstationary:1
contrast_sweep,correlated_roughness,0.0,slsqp,straight,64,,1,1,1.0,1.0,704.0000000000001,80.56733592977685,1.476719836221759e-14,64.0,,,,,1.5939714360283688,1,,converged:1
contrast_sweep,correlated_roughness,1.0,euler_lagrange,arc_left,64,,1,0,0.0,0.0,,,2237.0745508700193,64.0,,,,,1.2108706170110963,1,stagnated:1,stagnated:1
contrast_sweep,correlated_roughness,1.0,euler_lagrange,arc_right,64,,1,1,1.0,0.0,719.3147589796522,36.04267603706267,488.6470520604534,64.0,,,,,1.2229730040417053,1,stagnated:1,stagnated:1
contrast_sweep,correlated_roughness,1.0,euler_lagrange,barrier,64,,1,1,1.0,1.0,630.2337048740072,63.596720856145005,3.4904918533985975e-08,64.0,,,,,0.9657008179929107,1,,stationary:1
contrast_sweep,correlated_roughness,1.0,euler_lagrange,fast_marching,64,,1,1,1.0,1.0,600.934851924776,77.71815682843673,1.2184895746510221e-08,64.0,,,,,5.089871564996429,1,,stationary:1
contrast_sweep,correlated_roughness,1.0,euler_lagrange,straight,64,,1,1,1.0,1.0,630.2337048740071,63.59672085614428,3.4902288950630824e-08,64.0,,,,,0.8951242109760642,1,,stationary:1
contrast_sweep,correlated_roughness,1.0,fast_marching,fast_marching,,513,1,1,1.0,1.0,601.4061063012591,78.29819993097753,,,,,,,5.379470668965951,1,,converged:1
contrast_sweep,correlated_roughness,1.0,slsqp,arc_left,64,,1,1,1.0,1.0,656.7549591489844,7.307343040691067,0.00015430237821074922,64.0,,,,,32.39734762295848,1,,converged:1
contrast_sweep,correlated_roughness,1.0,slsqp,arc_right,64,,1,1,1.0,0.0,600.937927086727,77.7387944309176,0.1467779176110553,64.0,,,,,27.025876078987494,1,nonstationary:1,nonstationary:1
contrast_sweep,correlated_roughness,1.0,slsqp,barrier,64,,1,1,1.0,0.0,600.9379268027666,77.73877455657608,0.03944112029409884,64.0,,,,,26.485370086040348,1,nonstationary:1,nonstationary:1
contrast_sweep,correlated_roughness,1.0,slsqp,fast_marching,64,,1,1,1.0,0.0,600.9379267847713,77.7404759161237,0.027936741532611647,64.0,,,,,26.541030255961232,1,nonstationary:1,nonstationary:1
contrast_sweep,correlated_roughness,1.0,slsqp,straight,64,,1,1,1.0,0.0,600.9379267619105,77.73922874340279,0.028467725889808088,64.0,,,,,26.90514525998151,1,nonstationary:1,nonstationary:1
contrast_sweep,correlated_roughness,2.0,euler_lagrange,arc_left,64,,1,1,1.0,0.0,764.5753995070334,7.3367459918167555,85.44945888576139,64.0,,,,,1.458663125988096,1,stagnated:1,stagnated:1
contrast_sweep,correlated_roughness,2.0,euler_lagrange,arc_right,64,,1,1,1.0,1.0,674.4146175208118,41.965766830472376,1.8464035753059228e-10,64.0,,,,,1.3498808550066315,1,,stationary:1
contrast_sweep,correlated_roughness,2.0,euler_lagrange,barrier,64,,1,1,1.0,1.0,588.850808794125,71.51909896756842,2.2441978401300624e-10,64.0,,,,,1.2628935890388675,1,,stationary:1
contrast_sweep,correlated_roughness,2.0,euler_lagrange,fast_marching,64,,1,1,1.0,1.0,520.745967984415,69.99018494896033,5.034418723643394e-10,64.0,,,,,5.229499876033515,1,,stationary:1
contrast_sweep,correlated_roughness,2.0,euler_lagrange,straight,64,,1,1,1.0,1.0,588.850808794125,71.51909896756813,2.402978570675204e-10,64.0,,,,,1.1948382779955864,1,,stationary:1
contrast_sweep,correlated_roughness,2.0,fast_marching,fast_marching,,513,1,1,1.0,1.0,521.0086007393106,70.95905792508913,,,,,,,5.395088043005671,1,,converged:1
contrast_sweep,correlated_roughness,2.0,slsqp,arc_left,64,,1,1,1.0,0.0,572.3456169872887,8.019762884474762,0.2536223333462274,64.0,,,,,55.828102028986905,1,optimization_failed:1,optimization_failed:1
contrast_sweep,correlated_roughness,2.0,slsqp,arc_right,64,,1,1,1.0,0.0,520.7439257967052,70.25528234259579,0.05941373213552931,64.0,,,,,28.336867175006773,1,nonstationary:1,nonstationary:1
contrast_sweep,correlated_roughness,2.0,slsqp,barrier,64,,1,1,1.0,0.0,520.7439258886358,70.25493377198225,0.0713096888635496,64.0,,,,,28.795699050999247,1,nonstationary:1,nonstationary:1
contrast_sweep,correlated_roughness,2.0,slsqp,fast_marching,64,,1,1,1.0,0.0,520.7439256949548,70.25427300281025,0.008585825851575662,64.0,,,,,26.870186168991495,1,nonstationary:1,nonstationary:1
contrast_sweep,correlated_roughness,2.0,slsqp,straight,64,,1,1,1.0,0.0,520.7439258081009,70.25618913472294,0.04602603094955217,64.0,,,,,29.143602783966344,1,nonstationary:1,nonstationary:1
contrast_sweep,correlated_roughness,4.0,euler_lagrange,arc_left,64,,1,1,1.0,0.0,1282.8425565303328,24.028578556527176,10892.529645403029,64.0,,,,,1.0269781869719736,1,stagnated:1,stagnated:1
contrast_sweep,correlated_roughness,4.0,euler_lagrange,arc_right,64,,1,0,0.0,0.0,,,9895.409950777354,64.0,,,,,0.9905921440222301,1,stagnated:1,stagnated:1
contrast_sweep,correlated_roughness,4.0,euler_lagrange,barrier,64,,1,1,1.0,0.0,752.7105324167238,79.43942771570899,9097.53717354705,64.0,,,,,1.0597279529902153,1,stagnated:1,stagnated:1
contrast_sweep,correlated_roughness,4.0,euler_lagrange,fast_marching,64,,1,1,1.0,0.0,424.06439922233824,61.42598737981959,3948.9838358441257,64.0,,,,,5.274978731991723,1,stagnated:1,stagnated:1
contrast_sweep,correlated_roughness,4.0,euler_lagrange,straight,64,,1,1,1.0,0.0,752.7105324167566,79.43942771571069,9097.537173546214,64.0,,,,,1.0060120879788883,1,stagnated:1,stagnated:1
contrast_sweep,correlated_roughness,4.0,fast_marching,fast_marching,,513,1,1,1.0,1.0,423.7916267657396,65.83712059070625,,,,,,,5.624632769962773,1,,converged:1
contrast_sweep,correlated_roughness,4.0,slsqp,arc_left,64,,1,1,1.0,0.0,447.5083485378898,8.018107341866576,0.049956438633192594,64.0,,,,,50.237808006000705,1,optimization_failed:1,optimization_failed:1
contrast_sweep,correlated_roughness,4.0,slsqp,arc_right,64,,1,1,1.0,0.0,423.59483537330084,65.04642332822549,0.07932623183575116,64.0,,,,,28.483274396974593,1,nonstationary:1,nonstationary:1
contrast_sweep,correlated_roughness,4.0,slsqp,barrier,64,,1,1,1.0,0.0,423.5948346958683,65.04836953222393,0.08395485745514009,64.0,,,,,29.444818153977394,1,nonstationary:1,nonstationary:1
contrast_sweep,correlated_roughness,4.0,slsqp,fast_marching,64,,1,1,1.0,0.0,423.59483428375074,65.04616804528324,0.033370334364280496,64.0,,,,,20.83834126003785,1,nonstationary:1,nonstationary:1
contrast_sweep,correlated_roughness,4.0,slsqp,straight,64,,1,1,1.0,0.0,423.5948344554951,65.04475619489992,0.07127875185319663,64.0,,,,,36.57432173099369,1,nonstationary:1,nonstationary:1
contrast_sweep,dead_ends,0.0,euler_lagrange,arc_left,64,,1,0,0.0,1.0,,,1.7697741698074985e-10,64.0,,,,,0.7881520430091769,1,stationary:1,stationary:1
contrast_sweep,dead_ends,0.0,euler_lagrange,arc_right,64,,1,0,0.0,1.0,,,1.7825882673302995e-10,64.0,,,,,0.8041552759823389,1,stationary:1,stationary:1
contrast_sweep,dead_ends,0.0,euler_lagrange,barrier,64,,1,0,0.0,1.0,,,2.5008156646417986e-10,64.0,,,,,0.7948306080070324,1,stationary:1,stationary:1
contrast_sweep,dead_ends,0.0,euler_lagrange,fast_marching,64,,1,0,0.0,1.0,,,2.2147303309411242e-10,64.0,,,,,6.917713742994238,1,stationary:1,stationary:1
contrast_sweep,dead_ends,0.0,euler_lagrange,straight,64,,1,0,0.0,1.0,,,3.36079329365866e-10,64.0,,,,,0.8246935459901579,1,stationary:1,stationary:1
contrast_sweep,dead_ends,0.0,fast_marching,fast_marching,,513,1,1,1.0,1.0,815.8412090798322,0.9716024359595403,,,,,,,7.36010037001688,1,,converged:1
contrast_sweep,dead_ends,0.0,slsqp,arc_left,64,,1,0,0.0,0.0,,,,64.0,,,,,60.009241738996934,1,timeout:1,timeout:1
contrast_sweep,dead_ends,0.0,slsqp,arc_right,64,,1,0,0.0,0.0,,,,64.0,,,,,60.01116642798297,1,timeout:1,timeout:1
contrast_sweep,dead_ends,0.0,slsqp,barrier,64,,1,1,1.0,1.0,820.7996756071914,4.857101298488247,0.00015920332967138187,64.0,,,,,44.014335618994664,1,,converged:1
contrast_sweep,dead_ends,0.0,slsqp,fast_marching,64,,1,0,0.0,0.0,,,,64.0,,,,,60.0192905900185,1,timeout:1,timeout:1
contrast_sweep,dead_ends,0.0,slsqp,straight,64,,1,0,0.0,0.0,,,,64.0,,,,,60.00866691500414,1,timeout:1,timeout:1
contrast_sweep,dead_ends,1.0,euler_lagrange,arc_left,64,,1,0,0.0,1.0,,,2.6599402988859944e-10,64.0,,,,,0.9159894700278528,1,stationary:1,stationary:1
contrast_sweep,dead_ends,1.0,euler_lagrange,arc_right,64,,1,0,0.0,0.0,,,1761.497062661675,64.0,,,,,1.3388787430012599,1,stagnated:1,stagnated:1
contrast_sweep,dead_ends,1.0,euler_lagrange,barrier,64,,1,0,0.0,0.0,,,5815.807553170651,64.0,,,,,1.2091483200201765,1,stagnated:1,stagnated:1
contrast_sweep,dead_ends,1.0,euler_lagrange,fast_marching,64,,1,1,1.0,1.0,947.5694102634542,79.16248810405448,1.3521322598552143e-07,64.0,,,,,5.106851541961078,1,,stationary:1
contrast_sweep,dead_ends,1.0,euler_lagrange,straight,64,,1,0,0.0,1.0,,,2.2046887501496974e-10,64.0,,,,,0.8922482879715972,1,stationary:1,stationary:1
contrast_sweep,dead_ends,1.0,fast_marching,fast_marching,,513,1,1,1.0,1.0,947.9191845439576,79.85293338956912,,,,,,,5.46203290700214,1,,converged:1
contrast_sweep,dead_ends,1.0,slsqp,arc_left,64,,1,0,0.0,0.0,,,1.0994509759122593,64.0,,,,,14.32377820496913,1,optimization_failed:1,optimization_failed:1
contrast_sweep,dead_ends,1.0,slsqp,arc_right,64,,1,0,0.0,0.0,,,,64.0,,,,,60.00826606404735,1,timeout:1,timeout:1
contrast_sweep,dead_ends,1.0,slsqp,barrier,64,,1,1,1.0,0.0,947.5751450819432,79.25706507103851,0.03618844444978736,64.0,,,,,32.55061668995768,1,nonstationary:1,nonstationary:1
contrast_sweep,dead_ends,1.0,slsqp,fast_marching,64,,1,1,1.0,0.0,947.575145051166,79.2567929968799,0.051172398163827765,64.0,,,,,25.300726072047837,1,nonstationary:1,nonstationary:1
contrast_sweep,dead_ends,1.0,slsqp,straight,64,,1,0,0.0,0.0,,,,64.0,,,,,60.01156773796538,1,timeout:1,timeout:1
contrast_sweep,dead_ends,2.0,euler_lagrange,arc_left,64,,1,0,0.0,0.0,,,2484.8008238144516,64.0,,,,,1.386899643985089,1,stagnated:1,stagnated:1
contrast_sweep,dead_ends,2.0,euler_lagrange,arc_right,64,,1,0,0.0,0.0,,,4487.445465479216,64.0,,,,,1.1385401150328107,1,stagnated:1,stagnated:1
contrast_sweep,dead_ends,2.0,euler_lagrange,barrier,64,,1,1,1.0,0.0,4889.557142408104,3.4663286555032187,17396.919191894576,64.0,,,,,1.2538350610411726,1,stagnated:1,stagnated:1
contrast_sweep,dead_ends,2.0,euler_lagrange,fast_marching,64,,1,1,1.0,1.0,961.91725606224,89.757473140608,2.350731201045047e-07,64.0,,,,,5.524797685968224,1,,stationary:1
contrast_sweep,dead_ends,2.0,euler_lagrange,straight,64,,1,0,0.0,1.0,,,1.1027401742008318e-09,64.0,,,,,1.1271588040399365,1,stationary:1,stationary:1
contrast_sweep,dead_ends,2.0,fast_marching,fast_marching,,513,1,1,1.0,1.0,962.3415245008255,90.48157034491086,,,,,,,5.516466852976009,1,,converged:1
contrast_sweep,dead_ends,2.0,slsqp,arc_left,64,,1,0,0.0,0.0,,,0.7105053319523775,64.0,,,,,17.241233300010208,1,optimization_failed:1,optimization_failed:1
contrast_sweep,dead_ends,2.0,slsqp,arc_right,64,,1,0,0.0,0.0,,,0.627075448495195,64.0,,,,,10.616425388958305,1,optimization_failed:1,optimization_failed:1
contrast_sweep,dead_ends,2.0,slsqp,barrier,64,,1,1,1.0,0.0,961.9228684870707,89.86376004719388,0.18002397676962778,64.0,,,,,36.561077153950464,1,nonstationary:1,nonstationary:1
contrast_sweep,dead_ends,2.0,slsqp,fast_marching,64,,1,1,1.0,0.0,961.9228680163424,89.86341105450107,0.05293557971353041,64.0,,,,,25.729606039996725,1,nonstationary:1,nonstationary:1
contrast_sweep,dead_ends,2.0,slsqp,straight,64,,1,0,0.0,0.0,,,,64.0,,,,,60.00891741999658,1,timeout:1,timeout:1
contrast_sweep,dead_ends,4.0,euler_lagrange,arc_left,64,,1,0,0.0,0.0,,,10867.185188337897,64.0,,,,,1.241410953050945,1,stagnated:1,stagnated:1
contrast_sweep,dead_ends,4.0,euler_lagrange,arc_right,64,,1,0,0.0,0.0,,,4949.127968573508,64.0,,,,,1.2373124979785644,1,stagnated:1,stagnated:1
contrast_sweep,dead_ends,4.0,euler_lagrange,barrier,64,,1,1,1.0,0.0,40987.29356135801,11.802232384427255,23132.71379414837,64.0,,,,,1.5330155069823377,1,stagnated:1,stagnated:1
contrast_sweep,dead_ends,4.0,euler_lagrange,fast_marching,64,,1,1,1.0,1.0,975.3311888627288,98.99676075913148,1.6460215111702611e-10,64.0,,,,,5.287645703007001,1,,stationary:1
contrast_sweep,dead_ends,4.0,euler_lagrange,straight,64,,1,0,0.0,0.0,,,3932.944352534088,64.0,,,,,1.09752439300064,1,stagnated:1,stagnated:1
contrast_sweep,dead_ends,4.0,fast_marching,fast_marching,,513,1,1,1.0,1.0,975.790953344894,99.71217947800875,,,,,,,5.746498426946346,1,,converged:1
contrast_sweep,dead_ends,4.0,slsqp,arc_left,64,,1,0,0.0,0.0,,,0.05984019015689927,64.0,,,,,13.543164497008547,1,optimization_failed:1,optimization_failed:1
contrast_sweep,dead_ends,4.0,slsqp,arc_right,64,,1,0,0.0,0.0,,,2.8541071992781105e-16,64.0,,,,,12.307919384038541,1,optimization_failed:1,optimization_failed:1
contrast_sweep,dead_ends,4.0,slsqp,barrier,64,,1,1,1.0,0.0,19902.20348524962,30.378943379695215,0.9979815060355794,64.0,,,,,2.2160409560310654,1,optimization_failed:1,optimization_failed:1
contrast_sweep,dead_ends,4.0,slsqp,fast_marching,64,,1,1,1.0,0.0,975.336808159486,99.1102804474643,0.0419329623332744,64.0,,,,,25.53812437999295,1,nonstationary:1,nonstationary:1
contrast_sweep,dead_ends,4.0,slsqp,straight,64,,1,0,0.0,0.0,,,,64.0,,,,,60.007889959961176,1,timeout:1,timeout:1
contrast_sweep,ridge_pass,0.0,euler_lagrange,arc_left,64,,1,1,1.0,1.0,703.9999999999999,20.936014129160327,1.7697741698074985e-10,64.0,,,,,0.8419584989896975,1,,stationary:1
contrast_sweep,ridge_pass,0.0,euler_lagrange,arc_right,64,,1,1,1.0,1.0,703.9999999999999,20.93601412916166,1.7825882673302995e-10,64.0,,,,,0.8226159440237097,1,,stationary:1
contrast_sweep,ridge_pass,0.0,euler_lagrange,barrier,64,,1,1,1.0,1.0,703.9999999999999,20.93601412916109,1.2993844859711602e-10,64.0,,,,,0.8144702450372279,1,,stationary:1
contrast_sweep,ridge_pass,0.0,euler_lagrange,fast_marching,64,,1,1,1.0,1.0,703.9999999999999,20.93601412916109,1.1155431221307115e-10,64.0,,,,,5.161568020004779,1,,stationary:1
contrast_sweep,ridge_pass,0.0,euler_lagrange,straight,64,,1,1,1.0,1.0,704.0000000000001,20.93601412916109,3.36079329365866e-10,64.0,,,,,0.8454501549713314,1,,stationary:1
contrast_sweep,ridge_pass,0.0,fast_marching,fast_marching,,513,1,1,1.0,1.0,704.8265048019582,20.93414562178293,,,,,,,5.355537611001637,1,,converged:1
contrast_sweep,ridge_pass,0.0,slsqp,arc_left,64,,1,0,0.0,0.0,,,,64.0,,,,,60.01273243204923,1,timeout:1,timeout:1
contrast_sweep,ridge_pass,0.0,slsqp,arc_right,64,,1,0,0.0,0.0,,,,64.0,,,,,60.01353066199226,1,timeout:1,timeout:1
contrast_sweep,ridge_pass,0.0,slsqp,barrier,64,,1,1,1.0,1.0,703.9999999999999,20.93601412916109,1.476719836221759e-14,64.0,,,,,1.7599715510150418,1,,converged:1
contrast_sweep,ridge_pass,0.0,slsqp,fast_marching,64,,1,1,1.0,0.0,704.0000000881357,20.935778758386334,0.06860401379439397,64.0,,,,,25.22710575698875,1,nonstationary:1,nonstationary:1
contrast_sweep,ridge_pass,0.0,slsqp,straight,64,,1,1,1.0,1.0,704.0000000000001,20.93601412916109,1.476719836221759e-14,64.0,,,,,1.6631850010016933,1,,converged:1
contrast_sweep,ridge_pass,1.0,euler_lagrange,arc_left,64,,1,0,0.0,0.0,,,518.0439300438932,64.0,,,,,1.1196994479978457,1,stagnated:1,stagnated:1
contrast_sweep,ridge_pass,1.0,euler_lagrange,arc_right,64,,1,0,0.0,0.0,,,414.31644926062836,64.0,,,,,0.9426689299871214,1,stagnated:1,stagnated:1
contrast_sweep,ridge_pass,1.0,euler_lagrange,barrier,64,,1,1,1.0,1.0,726.9268861080021,74.65675486617785,2.985115754219433e-07,64.0,,,,,0.8637109699775465,1,,stationary:1
contrast_sweep,ridge_pass,1.0,euler_lagrange,fast_marching,64,,1,1,1.0,1.0,726.9268861080018,74.65675485860162,2.0203061023023608e-10,64.0,,,,,4.926127227023244,1,,stationary:1
contrast_sweep,ridge_pass,1.0,euler_lagrange,straight,64,,1,1,1.0,1.0,726.9268861080021,74.65675486617785,2.985114536363863e-07,64.0,,,,,0.8430455850320868,1,,stationary:1
contrast_sweep,ridge_pass,1.0,fast_marching,fast_marching,,513,1,1,1.0,1.0,727.7842849294811,74.20390185919011,,,,,,,5.277861030015629,1,,converged:1
contrast_sweep,ridge_pass,1.0,slsqp,arc_left,64,,1,0,0.0,0.0,,,1.4431784478214602,64.0,,,,,5.957796511997003,1,optimization_failed:1,optimization_failed:1
contrast_sweep,ridge_pass,1.0,slsqp,arc_right,64,,1,1,1.0,0.0,726.9272023051718,74.64719496598074,0.019946793066988606,64.0,,,,,38.349066155962646,1,nonstationary:1,nonstationary:1
contrast_sweep,ridge_pass,1.0,slsqp,barrier,64,,1,1,1.0,0.0,726.9272025396422,74.64880892606752,0.0739134721102408,64.0,,,,,24.76939724199474,1,nonstationary:1,nonstationary:1
contrast_sweep,ridge_pass,1.0,slsqp,fast_marching,64,,1,1,1.0,0.0,726.9272023188875,74.6473075372904,0.01728724047928872,64.0,,,,,25.696365909010638,1,nonstationary:1,nonstationary:1
contrast_sweep,ridge_pass,1.0,slsqp,straight,64,,1,1,1.0,0.0,726.9272023188613,74.64720766470795,0.03125358679084761,64.0,,,,,24.082603968970943,1,nonstationary:1,nonstationary:1
contrast_sweep,ridge_pass,2.0,euler_lagrange,arc_left,64,,1,0,0.0,0.0,,,320.23763049934024,64.0,,,,,1.2138952320092358,1,stagnated:1,stagnated:1
contrast_sweep,ridge_pass,2.0,euler_lagrange,arc_right,64,,1,0,0.0,0.0,,,547.4409017301551,64.0,,,,,1.2656134810531512,1,stagnated:1,stagnated:1
contrast_sweep,ridge_pass,2.0,euler_lagrange,barrier,64,,1,0,0.0,0.0,,,252.1702806326754,64.0,,,,,1.1658626600401476,1,stagnated:1,stagnated:1
contrast_sweep,ridge_pass,2.0,euler_lagrange,fast_marching,64,,1,1,1.0,1.0,744.8552154283705,82.72625171354974,6.6216179922934415e-09,64.0,,,,,4.822465316974558,1,,stationary:1
contrast_sweep,ridge_pass,2.0,euler_lagrange,straight,64,,1,0,0.0,0.0,,,252.1702806325743,64.0,,,,,1.1350572960218415,1,stagnated:1,stagnated:1
contrast_sweep,ridge_pass,2.0,fast_marching,fast_marching,,513,1,1,1.0,1.0,745.6559068539227,82.87306535810575,,,,,,,5.203010753029957,1,,converged:1
contrast_sweep,ridge_pass,2.0,slsqp,arc_left,64,,1,0,0.0,0.0,,,0.9420211556588858,64.0,,,,,6.336984680965543,1,optimization_failed:1,optimization_failed:1
contrast_sweep,ridge_pass,2.0,slsqp,arc_right,64,,1,1,1.0,0.0,744.8558541371768,82.71012419763308,0.19097197167343474,64.0,,,,,36.047474809980486,1,nonstationary:1,nonstationary:1
contrast_sweep,ridge_pass,2.0,slsqp,barrier,64,,1,1,1.0,0.0,744.8558540516982,82.70930690299899,0.20343724301698565,64.0,,,,,25.230629894998856,1,nonstationary:1,nonstationary:1
contrast_sweep,ridge_pass,2.0,slsqp,fast_marching,64,,1,1,1.0,0.0,744.8558536623891,82.71042328203504,0.042238015464207156,64.0,,,,,25.387116889003664,1,nonstationary:1,nonstationary:1
contrast_sweep,ridge_pass,2.0,slsqp,straight,64,,1,1,1.0,0.0,744.855853988684,82.70926687393089,0.21218409871812963,64.0,,,,,25.400094426993746,1,nonstationary:1,nonstationary:1
contrast_sweep,ridge_pass,4.0,euler_lagrange,arc_left,64,,1,0,0.0,0.0,,,1638.2588369095927,64.0,,,,,2.114875814993866,1,stagnated:1,stagnated:1
contrast_sweep,ridge_pass,4.0,euler_lagrange,arc_right,64,,1,0,0.0,0.0,,,1078.617344341068,64.0,,,,,2.3096135319792666,1,stagnated:1,stagnated:1
contrast_sweep,ridge_pass,4.0,euler_lagrange,barrier,64,,1,0,0.0,0.0,,,1342.034998537941,64.0,,,,,2.5621571639785543,1,stagnated:1,stagnated:1
contrast_sweep,ridge_pass,4.0,euler_lagrange,fast_marching,64,,1,1,1.0,1.0,783.9676631864294,87.25893333479809,2.1396486267313312e-10,64.0,,,,,4.774417701992206,1,,stationary:1
contrast_sweep,ridge_pass,4.0,euler_lagrange,straight,64,,1,0,0.0,0.0,,,1342.0349985396579,64.0,,,,,2.5473005189560354,1,stagnated:1,stagnated:1
contrast_sweep,ridge_pass,4.0,fast_marching,fast_marching,,513,1,1,1.0,1.0,784.849430155225,87.2216797373156,,,,,,,5.2970782879856415,1,,converged:1
contrast_sweep,ridge_pass,4.0,slsqp,arc_left,64,,1,0,0.0,0.0,,,1.010229760154395,64.0,,,,,6.581440863956232,1,optimization_failed:1,optimization_failed:1
contrast_sweep,ridge_pass,4.0,slsqp,arc_right,64,,1,1,1.0,0.0,783.9686831202946,87.25562982020135,0.12952844515159426,64.0,,,,,38.840955271036364,1,nonstationary:1,nonstationary:1
contrast_sweep,ridge_pass,4.0,slsqp,barrier,64,,1,1,1.0,0.0,783.9686832289813,87.25551357244206,0.18199806512922292,64.0,,,,,32.78610974003095,1,nonstationary:1,nonstationary:1
contrast_sweep,ridge_pass,4.0,slsqp,fast_marching,64,,1,1,1.0,0.0,783.9686827253884,87.25536767144033,0.0053109922628988265,64.0,,,,,25.86579478997737,1,nonstationary:1,nonstationary:1
contrast_sweep,ridge_pass,4.0,slsqp,straight,64,,1,1,1.0,0.0,783.9686835441399,87.25625060886179,0.16573281385192024,64.0,,,,,31.143706278002355,1,nonstationary:1,nonstationary:1
